Energy (eV),4,10,20,30,40,50,75,100,125,150,175,200,225,250,300
1.25,0.766742072,0.776573369,0.83207381,0.995041424,-0.031390236,-0.04609335,-0.716075349,-0.034599986,-0.046952749,0.222405438,-0.445983527,-0.526429355,-0.271326502,0.516480855,0.382753521
1.250801603,0.620868037,-0.107662825,0.552513006,-0.283963459,0.594052806,0.278958178,0.937134448,-0.310856158,0.299097459,0.076141722,-0.40530721,-0.267596502,-0.230923594,0.307566633,-0.169505994
1.251603206,0.053623528,-0.468384728,-0.4442359,-1.285165563,-0.320739515,-0.00503536,-0.088116688,0.290436389,-0.41788306,0.765435467,0.169703085,-0.126334216,0.525911954,0.553396416,-0.171892445
1.25240481,1.207119491,0.504979191,0.952669058,-0.245628744,-0.210216105,-0.135992501,0.32412408,0.056356602,1.445415781,-0.068622217,0.302547267,0.858121725,0.315218759,0.827084894,0.025023478
1.253206413,-0.491952792,0.33124945,0.309651045,0.433041761,0.92806071,0.972801309,0.538589799,-0.211035868,-0.130381684,0.271441346,-0.207939499,-0.288964203,0.268382956,-0.606823967,-0.854362628
1.254008016,0.655377205,0.305248551,0.093121551,0.188575468,-0.459430197,-0.603477096,0.678355166,-0.875296711,-0.133492034,-0.129391568,0.125464047,1.24186946,-0.007489918,0.861992807,-0.064749195
1.254809619,0.378401678,0.428240065,1.029927447,0.318664813,0.595158771,-0.563902331,0.253983143,-0.931089406,0.204488757,-0.250501915,0.561885526,0.214453953,0.42840006,-0.57284405,0.199308697
1.255611222,0.209715897,-0.193690948,0.797373074,-0.746064838,-0.344362064,1.037325834,-0.359329076,0.157053935,-0.057641503,-0.328535265,-0.211828845,-0.810208198,0.134822485,0.583041688,0.72940077
1.256412826,0.692155959,0.497372409,0.335348452,-0.31475949,-0.620560665,0.251716129,0.351019088,-0.014084219,-0.731611219,0.175762692,-0.105488153,0.203153751,0.990451203,0.564092666,0.526938323
1.257214429,1.210406383,0.440036703,-0.164277165,-0.043883765,0.071538108,-0.896733091,0.51021879,0.344739012,0.430881418,0.252979791,0.410988436,-0.176084981,0.115075647,-0.106573537,0.050607072
1.258016032,0.336791947,0.810386509,0.270451198,0.315790507,0.268214058,0.877852225,0.514192083,-0.436229289,0.435204071,0.235721228,0.270980593,-0.202945059,0.60859665,-0.474117531,0.142934087
1.258817635,0.436338174,0.503395008,-0.108945077,0.157119462,-0.708866681,-0.18157771,-0.531200918,0.237039353,0.505607756,0.50602785,1.15003678,1.091180226,1.669576043,0.458094452,0.364675528
1.259619238,-0.008763966,-1.233230225,0.508203739,0.275085492,0.455265842,0.977966713,-0.043030528,0.382095234,0.641109267,0.041405169,-0.495586692,-0.734698767,0.054318303,-0.328490108,0.656670112
1.260420842,0.586591004,-0.530689885,0.21290329,0.374948064,-0.010071558,0.610714133,0.129754814,0.224064912,0.640984026,0.786500396,-0.158195756,0.585542807,0.312044032,-0.199266011,-0.946987458
1.261222445,-0.0721039,0.496376678,-0.524751187,0.495864279,0.009470115,-0.32059874,1.612788224,0.222261036,-0.321364453,0.817970483,0.666881237,0.009879991,-0.008035374,1.195011913,0.66969155
1.262024048,-0.493126393,-0.147198808,0.33292498,-0.70434949,1.790105494,0.338295274,0.282148968,0.32931284,-0.00458883,-0.10026431,0.276014415,-0.247667596,0.217161962,0.407784555,-0.018744874
1.262825651,-0.331998559,-0.322438711,-0.138114583,-0.593983192,-0.280900488,0.226005948,-0.511562882,0.666601009,0.333322272,1.256156926,0.689307389,0.200463526,-0.793012711,0.064122197,0.214123927
1.263627255,-0.53606961,0.062685703,0.124335408,0.210083426,-0.057719652,0.127724446,-0.210775627,-0.169223026,-1.248920465,-0.303615866,1.030333747,0.970866185,0.088320401,0.950383791,-0.196318497
1.264428858,0.367128902,0.03606969,0.735836439,0.063753498,-0.470831651,0.439850411,-0.551692788,-0.356661111,-0.244936387,-0.207712101,1.832485328,0.814624272,1.035583454,-0.029608347,0.722726285
1.265230461,-0.083251491,-0.108186471,-0.669654683,0.379415334,-0.159757633,0.085030592,0.537611997,0.436206353,0.067827511,0.294128454,-0.122565471,-0.306037003,1.094416181,1.32347261,-0.224660708
1.266032064,0.029913515,0.266421425,-0.313384758,-0.341267131,0.461277504,-0.249581274,-0.740912358,0.760976661,-0.012101315,-0.398807656,-0.00373845,0.677039494,-0.012395661,0.558959561,0.304016774
1.266833667,-0.776130876,0.543185493,0.129818225,0.881335943,0.183339513,-0.146318237,0.256521516,-0.41379557,0.588108767,0.314701753,-0.410212163,0.205392729,-0.845111029,-0.390387971,0.050343687
1.267635271,-0.44568288,-0.086733764,-0.637144242,0.017808157,-0.301997991,0.110054065,-0.264580906,0.495072395,0.359819111,-0.001064463,-0.025344573,-0.228914704,-0.541781695,-0.76105234,0.001196011
1.268436874,-0.172942076,-0.111202867,0.198332889,0.60857281,-0.299219874,0.333505032,-0.545112242,-0.125443135,0.329129919,0.112977984,0.21853832,0.157140099,0.585348658,-0.083129282,1.479087176
1.269238477,-0.908239756,-0.259508992,-0.098145899,0.025477075,-0.037555461,1.401214044,0.116693819,0.430125496,-0.015683403,-0.248429695,0.476876835,0.129335827,1.127291871,0.889763935,0.31518693
1.27004008,-0.021112125,-0.305109779,0.052995366,-0.079920992,0.393943405,0.056275518,0.01322865,0.082194977,0.451423231,-0.210315162,-0.398061021,-0.478882527,-0.126701658,0.562414659,1.235868231
1.270841683,-0.624496491,1.273773538,0.288663159,-0.33874154,0.145447678,-0.377497066,0.772209469,0.213762139,0.321951667,-0.052234895,-0.282638346,0.151622573,0.281975355,0.881494575,0.679581757
1.271643287,-0.442040938,-0.865198909,1.13959931,0.747446817,0.512936546,-0.404074085,0.129423843,-0.412320153,0.749621242,-0.385465147,0.722965174,0.108718197,1.302488695,0.987703842,0.684383544
1.27244489,0.711539192,-0.016772438,0.262580329,-0.340179602,0.136415534,0.474071892,0.291716559,0.280782872,0.759060772,0.680487289,-0.582827447,0.458054772,0.231859757,-0.120525397,0.897482718
1.273246493,0.124026778,0.405584476,-0.304375622,-0.105813034,-0.348427052,-0.065631406,0.333204023,-0.203454782,0.18107697,-0.015166115,0.383960617,0.25967528,-0.134807826,0.983022331,0.272126393
1.274048096,0.285382896,-0.177653096,0.222143332,-0.268693591,-0.325765332,0.434822998,0.294502109,0.12044818,0.887468421,0.025199932,0.915868331,-0.517418503,-0.153163031,0.384552867,0.790673672
1.274849699,0.276227513,-0.087064678,0.390417577,-0.194610932,-0.578957273,-0.751211836,0.196853339,-0.10288642,-0.540049298,0.399034665,0.319929043,0.601635847,-0.772270228,-0.494523877,-0.195967041
1.275651303,1.071968199,-0.078276661,-0.243423747,-0.219035011,-0.068758591,-0.193301661,-0.152096978,0.171079913,0.461174849,-0.253113779,0.818335302,0.4310317,-0.01191188,0.340440365,0.19204834
1.276452906,-0.171259245,0.293089154,-0.036238171,-0.69648175,0.526092263,1.281482698,-0.024060472,0.319348733,-0.403187963,0.404866045,-0.593536048,0.564185587,0.029014258,0.995139852,-0.374934767
1.277254509,0.566765844,0.873154596,-0.395562215,0.018740866,0.284080291,0.800232417,0.923627255,0.162654106,0.151969238,0.033787181,0.522752943,1.121987771,0.776440861,0.341497517,0.466122961
1.278056112,0.847440835,-0.782615826,0.066870815,-0.154347919,0.0960712,0.051994106,0.139536068,0.161157802,-0.119490339,-0.261718405,0.234017671,1.621529846,0.208449183,0.346450434,-1.014387519
1.278857715,-0.025954091,-0.306732527,-1.241229441,0.68848524,0.532951827,0.51892678,-0.406920457,-0.431101887,0.055308954,-0.756051022,-0.529868694,-0.019683143,-0.323396314,0.93175347,0.555859355
1.279659319,0.747738624,-0.225541197,0.244855429,-0.530604238,0.133623166,0.472270912,0.257632318,-0.362298919,0.567571209,0.202439658,-0.029590066,-0.473621934,0.717626537,0.517751842,-0.571199338
1.280460922,-0.588450481,0.931559876,-0.261528958,0.201855877,-0.18086695,-0.329489696,-0.303411034,0.140804836,-0.352682754,0.069828055,0.248676296,0.535108459,0.412714977,0.06262194,0.680713531
1.281262525,0.168859543,0.366537722,-0.169312835,0.452610664,-0.168207921,0.393613893,-0.554994647,0.661842967,-0.071299101,0.763830989,0.258844866,-0.19943052,1.160925252,-0.858696117,-0.3871219
1.282064128,2.124196521,-0.4226931,-0.011551904,-0.26955111,-0.633668566,0.074988106,-0.051852447,-0.624687133,0.883332968,0.229823729,0.548020612,-0.488169961,0.858009371,-0.404028134,0.913169982
1.282865731,0.989901294,-0.073834782,-0.534867374,-1.067824295,0.376604095,-1.305630284,-0.364386515,0.028681898,-0.215696783,0.291647577,0.467834553,0.759470918,0.356537556,1.796687473,0.934728866
1.283667335,0.119502019,-0.148761516,-0.344025042,0.791078982,0.372269733,0.389417138,-0.451878704,0.35629496,0.725944978,-0.100975147,-0.260959257,0.380769725,0.771384244,1.117195068,0.016404943
1.284468938,-0.154972007,0.00515696,-0.313920269,0.141162702,0.023115203,-0.098419206,0.704081091,-0.059376705,0.400124722,0.395681619,-0.172040577,0.688003881,0.594635735,0.719293348,1.476207925
1.285270541,0.182841499,-1.342610297,0.426325869,-0.099965779,0.891423266,0.289004808,-0.251366189,-0.990870817,-0.707304593,-1.67390831,0.963788078,0.614242059,0.292688423,0.144951762,0.630889143
1.286072144,-0.422748777,-0.243195804,0.385629542,0.486180037,0.245730112,0.57382903,0.088799235,0.355387567,0.874253535,0.866377148,-0.570892712,0.188860571,-1.107206777,-0.792914829,0.084296719
1.286873747,0.303190169,-0.185436633,-0.304418142,-0.407452254,-0.077749299,-0.073962058,0.20207096,0.433014556,0.402253417,0.552696293,0.12291352,0.592118922,-0.163623035,0.683141574,1.37951268
1.287675351,-0.488524051,0.662302664,-0.2979442,0.955804834,0.258196493,0.755928063,-0.417582295,-0.565464838,-0.021940038,-0.238616257,-0.304221809,0.216511667,0.548145067,-0.159857224,0.306312823
1.288476954,0.241132732,-0.209391592,-0.358406889,-0.292882355,1.402180986,-0.196984631,0.226078507,-0.456700704,0.027668092,-0.080227515,0.702219682,0.078392117,0.345263317,0.784217111,0.770033516
1.289278557,-0.872443796,-0.473763478,0.328550344,0.551902716,-0.081358899,0.676867368,-0.018569171,-0.174008996,0.856505343,1.635186051,0.545580575,1.075972983,-1.080848114,0.111750342,0.441530195
1.29008016,0.153209344,0.441344742,0.9712812,0.721383894,0.108338992,0.899572645,0.001095643,-0.130367947,0.039357813,-0.213877242,1.015572887,0.649295666,0.330285006,0.548831334,0.575284456
1.290881764,-0.329888349,-0.078094455,-0.684808068,-0.555871445,-0.36590705,0.520202568,0.311685578,0.561491114,0.053853313,0.247356839,0.097132118,1.538112071,-0.254216954,-0.015138358,-0.199901398
1.291683367,-0.709605519,0.1933464,-0.566651396,0.358926394,-0.48426164,-0.110826454,1.180312613,-0.757577478,0.235845675,0.459413966,-0.278719396,0.120133954,-0.20243894,0.848336204,0.234486465
1.29248497,0.231457405,-0.208811405,0.146310664,-0.262132892,0.351691402,-0.915674546,0.191769975,-0.582459862,-0.316788107,-0.371277556,0.454713529,-0.674360732,0.196591698,-0.23143026,0.095263727
1.293286573,-0.156533962,-0.364043858,0.06711866,-0.1403661,-0.497105476,-0.073318581,0.377496799,0.505595516,-1.236537512,0.051302845,-0.024496177,0.904305936,0.204633358,-0.337159427,0.260446173
1.294088176,0.109690588,-0.370064463,-0.439270306,-0.393385948,-0.22330963,0.135344877,-0.186495473,0.354489925,0.171757089,0.584646833,-0.631560426,0.248353193,0.083664385,-0.504273436,0.629328212
1.29488978,0.657424361,0.414156454,0.117327956,0.73291189,0.628976811,0.347038769,-0.002505001,0.152844878,1.166238097,0.949893815,0.623002276,-1.021488866,-0.469598143,-0.524131498,0.704098859
1.295691383,-0.121122174,0.27178557,0.221963469,0.363186876,0.263045672,0.172721011,-0.481856319,0.069883739,0.785312423,0.757991854,0.576722764,0.688064755,0.540498435,0.356427776,-0.591772429
1.296492986,0.348760407,-1.033771145,0.410647431,0.165755475,-0.043659676,0.39826706,1.439712311,0.311774227,-0.285301635,0.921859417,-0.714947644,-0.751287749,-0.143837507,0.312960763,0.30806341
1.297294589,-0.06415173,-0.441827907,-0.322780173,-1.424555328,0.629913194,-0.652864286,0.068533172,0.870316579,0.447360364,0.533477545,0.630711799,0.555239449,0.858513329,0.619577771,0.759389737
1.298096192,-0.301463764,0.307287631,-0.053601413,0.580948927,0.053163887,-0.14620652,0.153522011,-0.289165142,0.182759805,0.240052989,0.729542458,0.658491551,1.016964689,0.59388439,0.691522757
1.298897796,-0.450398229,-0.539221662,-0.113339145,0.090070423,-0.433151491,-0.215836895,0.223515964,-0.183437326,0.931457249,-0.037826389,0.08110977,-0.247284296,0.805083378,-0.155794967,0.68223052
1.299699399,0.005373636,0.34507473,-0.271461595,-0.662707133,0.779834982,0.139622072,-0.182833929,0.322530321,-0.067097098,-0.033493272,-0.119221152,0.330224511,0.360323067,1.102480995,0.785380372
1.300501002,0.544303417,0.526764283,0.395316216,0.286117526,0.641921925,0.847857135,-0.194091408,0.240194047,-0.530828515,-0.350608243,-0.468515359,0.559955181,0.319818501,0.327584214,0.195821855
1.301302605,0.157117037,-0.625645668,-0.208516555,-0.540054609,-0.422739956,-0.298083379,0.058324116,-0.550330744,0.493308495,-0.03062757,-0.329284373,0.384878103,-0.950085111,-0.040187137,0.112732663
1.302104208,-0.942931414,0.835502501,0.352527956,0.369212105,0.919479114,0.082640544,-1.03676958,0.584843995,-0.515555548,0.160359535,-0.386706997,-0.040171237,-0.207993086,0.20572108,1.28916318
1.302905812,0.058866631,-0.410497519,-0.14870371,0.508308496,-0.018451578,0.474396644,0.34468703,0.921513237,0.506346246,0.021979742,0.516476577,0.656814893,1.363107501,-0.600928906,0.554289815
1.303707415,0.345121952,-0.254927926,0.010370025,1.015530986,-0.494178505,0.279028196,0.088611616,-0.127323523,0.103233574,-0.226596041,0.167927492,-0.395868963,0.753695719,0.791823365,0.899426208
1.304509018,0.297505374,-0.308327173,0.647846227,-0.018813573,-0.651513576,0.173847741,0.36415968,0.202229004,0.046295485,0.067696422,0.175730371,0.582122449,1.626506912,0.27382991,0.410400933
1.305310621,-0.279413627,0.905557049,0.042180014,-0.684908256,0.146625938,0.189836891,-0.19880821,-0.144729565,0.380078702,0.450713101,-0.207355364,-0.18548734,0.32914506,0.354129738,0.048670034
1.306112224,-0.230061358,-0.517950445,0.109910971,-0.494387616,0.272322546,0.019298972,-0.008839623,-0.404155438,0.265014764,-0.080221019,0.264342172,-0.33431087,1.380743116,0.573341288,1.487983452
1.306913828,0.90010594,0.046939768,0.563336805,0.16420371,-0.541107854,0.798731855,0.34809869,-0.268202026,0.915181169,0.571335541,0.405280163,0.704653627,0.536384715,0.609706418,0.829908462
1.307715431,-0.130587961,-0.015143156,0.141867397,-1.329883119,-0.629135789,0.65477657,-0.947847268,-0.063647489,-0.110101537,0.445740867,-0.90227061,-0.339267837,-0.160305776,0.256540523,0.210025707
1.308517034,-0.33091066,-0.543672666,0.257696431,0.369519016,-0.300080414,-0.602117572,-0.292333138,-0.139345128,0.364042864,0.504084266,0.384100937,0.090261927,0.107735344,0.026168256,0.855273462
1.309318637,0.314302399,0.194062006,-0.338842389,0.246825202,-0.104231054,0.371591092,0.277270679,0.584578896,0.277125355,-0.22822951,-0.108084784,-0.176673727,1.007311483,0.541843967,1.466757433
1.31012024,0.201995928,-0.343430399,-0.777448916,0.326257816,0.347761946,0.564319427,0.301172207,1.415479871,0.522823412,0.427664689,0.022596154,-0.080891723,0.436200302,1.143355741,0.63319533
1.310921844,-0.813821934,0.347298899,0.657905803,-0.147085707,0.01570742,0.413201864,-0.087312997,0.186664253,-0.631589599,-0.057519303,-0.31154342,-0.256196187,-0.614142529,0.919445921,0.788218958
1.311723447,0.127591861,-0.376581296,-0.335804693,0.238161628,-0.8076596,-0.079400737,-1.060822316,0.082289703,-0.46731267,0.527507821,-0.573820139,0.242069381,-0.06619697,0.972100598,0.624786643
1.31252505,0.287763981,-0.506648243,1.019877648,0.380718745,-0.060491515,0.513131973,-0.368597481,-0.550942029,0.667939876,1.096976614,-0.741912189,0.467543978,0.111435435,0.443922739,0.348925465
1.313326653,-0.182083851,0.570582169,0.291704652,0.427071914,0.000971782,-0.285390834,0.208820629,0.154029811,-0.972242555,-0.147095251,-0.449637015,0.403945401,0.052701745,0.704626119,0.235929347
1.314128257,0.226746179,-0.316826976,0.503918576,-0.105552978,-0.001205475,0.305899102,-0.192316656,0.279261508,0.682736388,-0.183849048,-0.909982813,0.203109265,0.343982614,1.342118173,0.099341741
1.31492986,0.678302741,0.393322009,0.064830254,0.160910141,-0.17114123,-0.321756602,1.245226152,-0.630827467,-0.236634562,0.449818526,0.688743149,0.603531129,0.626850303,0.771158703,0.882750418
1.315731463,0.066612332,0.910491824,0.537469117,0.326169618,0.61414314,-0.758865484,0.354639065,-0.520711376,0.133542228,-0.630705386,0.561945098,0.421766864,-0.312800626,0.349568268,0.640358767
1.316533066,0.326455988,0.293042768,0.965951247,0.196308253,0.255084204,0.25049094,-0.798705474,0.81879115,0.507445985,-0.051905367,0.457256461,0.033648894,-0.220578284,0.176679894,0.00354887
1.317334669,0.117381826,-0.387190341,-0.276070912,0.113435401,0.440618826,-0.011371366,0.081845424,0.039901209,-0.313102833,-0.358292458,-0.801447912,0.277462935,0.107122921,0.068174525,0.511516243
1.318136273,0.141776592,0.242453121,-0.15977325,0.759902216,0.707543401,-0.051074388,-0.265240517,0.131289457,0.49020891,0.633842065,0.633493887,0.140560381,0.127290302,0.187392261,1.913165773
1.318937876,0.37766008,0.263600194,0.249643628,-0.694420953,-0.71615011,0.376493767,0.802842309,1.494504107,0.668300454,-0.428069872,0.888230833,-1.063249871,0.606846609,0.266583916,0.786065453
1.319739479,-0.617822481,-0.288273658,0.108041878,0.259004891,0.275179476,-0.375499667,0.805961211,-0.383601156,0.151785302,0.018898629,-0.441786734,0.23221728,0.750699446,0.527262511,1.140103922
1.320541082,-0.474542507,0.056101759,0.365902091,0.298727359,0.011992755,-0.015738822,-0.158430936,-0.173041412,-0.274688533,0.856069998,0.147802677,0.766822662,0.655854548,1.123821118,0.247192213
1.321342685,1.107632074,0.572323705,-0.526387938,-0.324999753,0.472655387,-0.956553797,-0.144682158,0.199958396,-0.503389177,0.113367411,0.354730361,0.586431208,0.176454546,0.390706494,1.582767447
1.322144289,-0.29735268,-0.068715002,-0.225946474,0.371642384,-0.501215228,0.706136769,0.265787196,-0.257388496,0.106635187,0.656086124,0.329484199,-0.340003662,-0.226739501,1.114931607,0.849110809
1.322945892,-0.473179849,-0.066710953,-0.276262047,0.817464412,-0.568223339,0.629344469,-0.402263052,-0.129664398,0.546672395,0.588035308,0.13859168,0.735988459,0.57177322,-0.055734779,1.186729928
1.323747495,0.06897031,0.866991771,-1.037480559,-0.460902219,0.232034339,0.51102995,-0.750856424,0.715130352,-0.06289945,0.775530534,0.048165882,0.5128573,-0.601604539,0.941251593,1.346000441
1.324549098,-0.173944086,0.140329734,0.613366696,0.714443493,-0.098657664,-0.179237135,-0.667168606,0.243325934,-0.002894449,0.339059276,0.214621361,-0.35409263,0.151435079,1.061152684,0.918232291
1.325350701,0.545009325,0.00574275,0.580369445,-0.209838045,0.326018123,-0.035852252,-0.06332112,0.204761329,0.165408456,0.344686829,-0.065648657,0.571539029,0.773952836,0.772184533,1.229302536
1.326152305,0.135787884,-0.763404378,0.295592183,0.345479951,0.610874383,-0.293435204,-0.090670464,-0.435527165,0.158731248,0.518151123,1.165765027,0.498541613,0.352307167,-0.000765082,0.386870927
1.326953908,0.033440029,0.407002822,0.501375787,0.268026787,-0.168246639,0.122638331,0.211871465,-0.073391107,-0.320261442,-0.212642063,-0.120161666,1.440576185,0.433753153,0.233145505,0.500901845
1.327755511,-0.428850857,0.217438374,0.472799514,-0.317240565,0.141511082,-0.281065329,0.348789766,1.195964215,-0.279119563,-0.022158108,0.894724768,-0.191864784,-0.181721714,0.359748513,1.594414977
1.328557114,0.521346462,0.13723623,0.373922204,0.439745563,0.078919146,0.155053327,-1.276399065,0.439152697,0.671279675,1.483604153,0.122963917,0.761969415,0.652919824,1.417762636,0.956761675
1.329358717,-0.150816696,-0.363410496,0.154508462,-0.490226663,1.042323323,-0.245905697,0.204610367,0.817665218,0.942363043,-0.36843345,0.164516858,0.977975217,0.506465029,0.934892224,0.29687367
1.330160321,0.264713018,0.651042184,-0.032868297,-0.8306838,1.172016501,0.177216736,0.363115684,-0.653150746,-0.56913239,1.077534729,-0.351399459,-0.205394767,-0.47261341,0.848142353,1.172126414
1.330961924,-0.079351159,0.633910866,-0.578204471,0.375575483,0.340317721,-0.12372425,0.809392754,-0.994939463,0.521002761,0.055800051,-0.257735894,0.480343548,1.436642619,0.542559903,1.752556754
1.331763527,0.275513561,0.906531247,0.506410701,0.579303658,-0.233069312,-0.149033951,-0.128214732,0.160926654,0.48105272,-0.160542625,0.402721134,0.419161553,-0.331420149,0.352777379,1.999788896
1.33256513,-0.594491812,0.484695347,0.240028258,0.012949308,-0.388773146,-0.241801005,0.789498274,0.74507607,-0.244389803,-0.720117077,-0.19529543,0.337906461,0.389871401,0.04462819,1.152640726
1.333366733,0.393587585,-0.107943326,-0.024036765,0.39148021,-0.053223167,0.085883064,-0.549352983,0.83874109,0.340785555,0.434148271,0.005925643,0.184356024,0.406189456,-0.519976669,0.868083149
1.334168337,0.090827398,-0.922514511,0.254371458,0.795818385,-0.271287347,0.79455318,-0.637999413,0.406270032,-0.451584076,-0.168961139,0.351756242,0.335236414,0.601479133,0.195465626,1.306664628
1.33496994,0.201361062,0.590567019,-0.494646013,0.42554466,-0.69897067,0.079125344,-0.736548022,-0.953049653,0.572811349,-0.378409718,0.280027518,0.514062392,0.339058633,0.374693021,1.585101645
1.335771543,0.612352694,0.181531283,-0.20710036,0.612353211,-0.206929991,0.096736452,0.238946593,-0.003156906,0.314876893,-0.348078534,1.094998624,0.036146061,0.918813891,0.349147656,0.963212551
1.336573146,0.655313261,-0.751243215,-0.220694428,0.129957671,0.171165109,0.48878216,-0.734055835,1.646843574,0.086060835,-0.332901596,-0.254518028,0.060752326,0.93045928,1.228685527,0.971150123
1.337374749,0.859563276,0.836572693,-0.476727706,-0.200936374,0.708488292,0.142711873,-0.120267997,0.198729461,0.40765726,-0.090007078,0.774821866,0.116385905,0.417310669,0.591293873,1.237621692
1.338176353,1.370849001,0.278323119,0.586562722,-0.16497432,0.311130419,0.243749696,0.876309158,-0.639928177,0.229556544,0.586439569,0.883196838,0.119279677,0.711543675,0.692864166,1.161478646
1.338977956,-0.396904711,0.184119135,-0.164342252,0.368050075,-0.173475549,-0.323802861,1.184985476,0.368794803,-1.389857037,-0.373922764,-0.014306091,0.114463822,0.530866571,1.218267818,1.039914779
1.339779559,-0.866308557,0.492773768,0.244344861,0.838458428,0.114992174,1.120040697,0.899810788,-0.247320189,-0.081355853,-0.703267007,0.926527474,0.607127135,0.402541065,-0.054812739,1.778927028
1.340581162,0.019910223,0.540921289,0.008292223,0.398701687,0.606480822,0.941311372,0.616045857,0.257897754,0.422175876,-0.427955313,-0.083644829,0.728386724,0.230202652,1.449166332,0.924757412
1.341382766,0.455560732,-0.504982738,-0.176918731,-0.658727322,-0.490127476,-0.821570038,0.138025762,0.013419596,-0.03503301,-0.302474517,0.272249385,0.191552519,1.065627706,1.39345332,1.604810101
1.342184369,0.222464902,-0.672930998,-0.131018442,0.707141162,0.781694444,0.77001868,-0.093739025,0.716457598,-0.057987606,-0.449703878,-0.250423196,0.580496534,-0.757747314,0.882771145,1.462811274
1.342985972,0.367558997,0.058259722,0.442274629,0.636363065,0.435106492,-0.152354034,-0.376922163,-0.049926307,-0.322308927,0.345970923,0.376345714,0.43739789,0.932257222,0.951459484,0.802634776
1.343787575,0.656623569,0.549070956,-0.458302724,0.544805407,-0.115385903,0.125655424,0.292651248,0.275784211,0.043771849,1.113733173,0.263657975,0.481472879,0.661070334,1.349893334,1.414104669
1.344589178,1.592872076,-0.485771863,-0.443506114,-0.097103427,0.211147263,0.721165338,0.00394858,-0.670592914,0.451908223,0.949003854,-0.127167065,0.499036928,0.024353426,0.410863827,0.304566887
1.345390782,0.103834979,0.099177875,-0.233109241,-1.122411969,-1.004748528,0.149886198,0.405701348,0.600180361,-1.032371976,-0.009373091,-0.106049103,0.816828847,0.202127332,-0.034997829,1.874677058
1.346192385,0.61279585,0.759159496,0.965967391,0.294809546,-0.072924475,0.154589571,-0.618093332,0.082837328,0.26269029,0.544937033,0.404629203,0.966532564,0.563814813,0.611352871,1.641609173
1.346993988,-0.546197607,-0.230979015,0.125422272,-0.283673102,0.949520416,0.437161784,0.3084082,0.28794829,0.107813635,-0.816624665,0.332194047,0.395265337,0.100819292,-0.064442609,1.319751782
1.347795591,0.702393624,-0.595838986,0.039519518,0.36670621,-0.075850836,0.297083888,0.952579222,0.812146506,1.144233518,0.72929608,1.023140407,0.639181942,-0.073900617,0.351568238,1.929080489
1.348597194,0.168934423,-0.415301221,-0.314433873,0.449941275,0.264843882,0.186056209,-0.151118498,0.436578959,0.848124524,-0.082123269,0.139158962,0.223723058,1.335384316,1.682354504,1.041166336
1.349398798,0.104372428,0.525961364,0.177111662,0.611241702,0.370380463,1.231340256,-0.14608394,0.262698428,-0.052995194,-0.813936161,-0.055723406,-0.120023038,0.232473498,1.007292636,0.838113703
1.350200401,0.880717636,-0.013017956,-0.016581649,-0.429449791,-0.313755323,1.018337622,0.781509723,0.162234091,0.375400328,1.087095464,0.463165007,0.109659775,0.692119301,0.50243466,0.914504385
1.351002004,-0.971814822,0.064614401,0.412173408,1.033279298,0.858173575,0.417699448,0.365955065,0.022072515,-0.391515031,-0.047431091,0.933644396,0.895144955,0.805774261,0.660703226,1.229709825
1.351803607,-0.102420467,0.698264527,0.039499862,-0.217872193,-0.003955727,1.145772367,-0.137268397,-0.524610148,0.076189167,0.394474516,0.73913401,0.223230271,0.650888498,0.777781023,1.508584282
1.35260521,1.179493544,-0.04360141,-0.198444526,0.354593969,-0.291246295,0.072158065,-0.598674511,0.462043439,-0.204987263,0.365675385,-1.072743919,0.359152027,0.436365606,0.585911717,1.878094446
1.353406814,0.062035593,-0.315078968,0.515355628,0.860989563,0.268820571,0.99945925,-0.274710296,-0.69126176,0.083768902,1.029529777,-0.625754526,-0.461505573,1.384844456,0.875166472,0.954013372
1.354208417,0.133980225,-0.476332282,-0.223111133,-0.134003775,-0.039171215,0.017171413,0.199259314,-0.101035275,-0.046633549,0.558455231,0.500301314,1.224706503,0.377948841,0.035600638,1.589490176
1.35501002,0.861249432,0.366448891,-0.620815725,-0.606180936,0.172769913,0.51593441,0.87150461,0.922598515,1.434510265,1.100166258,0.256942459,0.3153348,-0.539544907,-0.871783422,1.34159079
1.355811623,0.066199748,-0.073002707,-0.369231387,-0.034753353,-0.063938562,0.604095343,0.254307248,-0.09363853,-0.176436341,-0.612484448,1.283286264,0.659384082,1.016081389,0.237503727,2.490700012
1.356613226,0.284669379,0.063014026,-0.306642488,1.004709237,-0.476259797,-0.34477321,-0.835403233,-0.162193037,0.039964929,-0.035462958,0.251341863,1.418667966,1.173745855,1.35134288,2.031891603
1.35741483,-0.520055156,0.577158227,-0.201866266,0.574887482,0.587857022,0.197180627,-0.257048112,-0.188019308,0.265833581,0.814203706,0.007450789,0.010230787,-0.572282634,0.460224556,1.963244792
1.358216433,0.834597817,-0.567694143,0.857055791,0.095306768,0.371752027,-1.326363257,-0.156371428,-0.193927517,-0.060140933,0.923943191,0.70034717,-0.239631415,0.67476623,0.636873746,1.496461787
1.359018036,0.923676835,0.942384116,0.325037763,0.879073463,-0.34699949,0.108442709,0.067306765,-0.762917545,0.423773585,1.364496774,0.852852674,0.393009672,0.345703455,0.795357916,2.094216501
1.359819639,-0.335892682,0.074409509,0.173844811,0.279891843,0.425979501,0.299437422,0.202248458,0.298784772,0.387081439,0.285455528,0.655216236,-0.292580882,0.388827968,0.958084606,1.686491457
1.360621242,0.22723462,-0.851754152,0.142427384,0.379204567,0.5616372,0.43829324,-0.039719318,0.746970905,0.569312835,0.480270652,0.154321517,0.331033451,0.315236484,1.251965471,1.925836963
1.361422846,-0.381578933,0.110663926,0.337100035,0.160963924,1.265672428,0.553487688,0.936628972,0.634899117,0.62280086,0.024870235,-0.026911565,0.534789551,1.355335436,1.104646999,1.760939414
1.362224449,0.715543364,0.581025035,-0.190033371,0.19625786,-0.020956382,-0.010893001,-1.281423043,0.809278511,-0.456042772,-0.081140426,0.347099724,-0.023787252,0.083598538,1.901340071,1.901839495
1.363026052,0.063884473,-0.022988631,0.960475312,0.156763265,-0.213299363,-0.106994807,0.467219563,0.53361648,0.192996305,0.11695946,0.911344443,0.398425763,0.807812399,1.246222633,1.521516114
1.363827655,0.094741394,-0.469217228,-0.187891472,-0.493403908,0.2306031,-0.371530122,1.045718699,-0.028898456,-0.055204138,-0.13036557,0.919211204,0.524307179,0.135349794,1.128743455,1.951676966
1.364629259,0.86841766,-0.414647176,0.14491729,-0.112384081,1.470538914,0.569860249,-0.805242152,0.32750015,-0.296752758,0.402176438,0.458054111,-0.262032169,0.600063109,0.990061228,2.190903476
1.365430862,0.300716712,0.065267777,-0.150816482,0.83139518,0.576965365,0.808501517,-0.57505477,1.027863428,-0.007590363,-0.047974906,0.061579443,1.23286253,0.740927128,1.312593235,3.014318776
1.366232465,-0.378945399,0.277055961,0.250770653,0.349850766,-0.435650391,-0.159361101,0.561258442,-0.536335472,-0.030749868,0.862122071,0.276761064,0.696847076,0.145686936,1.2743368,2.854051692
1.367034068,0.405228635,-0.127703958,-0.297270771,0.214153577,-0.808780612,0.399101703,0.465812576,-0.036932026,-0.16340535,0.94311323,-0.615899317,0.98331189,0.687565474,0.997124965,1.997781714
1.367835671,0.527683808,0.340613141,0.638788924,-0.061640579,0.150059674,-0.053669761,0.571562149,-0.425063067,0.410548936,0.121283919,-0.432647519,0.839824593,1.136648019,1.462105099,2.52391357
1.368637275,0.576246721,0.374665448,-0.423220779,0.517296303,0.379472961,0.116562025,0.023228708,0.471779706,-0.008944287,0.99741112,0.792557584,0.901700642,0.172682359,1.222435846,1.53281442
1.369438878,0.596192423,0.390637382,-0.005664672,0.231986089,0.047655208,0.165291157,0.349656844,0.389616631,0.738858097,0.736999201,0.167496263,1.293869957,0.604945437,1.835422916,2.483447768
1.370240481,-0.478178001,0.523477516,-1.404473234,0.323166521,0.027142684,0.848380712,0.011006922,0.352937415,-0.420764609,-0.016915268,0.688126176,0.477566401,1.745306516,1.698863868,2.517427353
1.371042084,0.286784924,0.418207148,0.381889025,0.834720719,1.170751075,0.852247705,-0.416050846,-0.383852154,0.426417376,0.630670195,1.099036404,0.879615036,1.303036482,0.711041782,2.120510586
1.371843687,-0.624810106,0.438633581,-0.351066497,0.551035088,0.942127001,0.363038463,0.185864875,0.26121079,0.189832998,-0.718758326,0.440046784,1.261868896,0.643691249,1.945832457,2.242904644
1.372645291,-0.201418097,0.329828762,-0.40023771,0.322828796,0.224192939,0.549810919,0.092051966,-0.068668662,0.080738054,1.109565066,0.715728463,0.200990511,0.699664895,0.880700985,2.249333821
1.373446894,0.358740461,0.516976592,0.528141457,-0.466894823,-0.155271083,-0.128020992,0.336941146,0.117291924,0.0205963,0.179489482,-0.137190604,0.464620968,1.2888638,1.870501117,1.451923585
1.374248497,0.835067539,-0.139041268,0.847930082,-0.18623615,-0.019293166,0.946343563,0.760391282,-0.315267335,0.542222647,0.22179127,1.259422154,0.726286557,1.107390108,1.351780256,3.046418283
1.3750501,1.405318804,0.759642559,0.915842673,-0.137534661,0.19988619,0.581553266,-0.102280631,0.025161744,0.045448323,0.577323291,0.585812965,1.46845562,0.34973472,1.222071359,2.547074333
1.375851703,0.561911847,0.075965042,0.775574789,-1.384906102,0.719194606,-0.342588308,0.704964737,0.375030238,0.20403827,0.445027592,0.466345718,1.601925934,1.819270636,1.460287032,2.14436114
1.376653307,0.181322949,0.661206818,0.562769619,-0.546199214,-0.26331638,0.490784999,0.214050307,0.07617765,0.371585584,0.242386588,1.13074163,-0.220904532,1.413781199,1.612689207,2.071322243
1.37745491,0.76978806,0.088074666,-0.209036357,-0.970118667,0.996448118,1.18971891,0.772081248,0.899117257,-0.048487704,0.570473144,-0.161911118,0.373683607,0.766585424,1.078584772,2.755701138
1.378256513,0.324448227,-0.17319411,0.379307756,0.193903102,0.3481483,0.38123512,-0.08986446,-0.61548428,0.406683956,0.471939161,-0.109038887,1.109896411,0.823537756,1.468148049,3.075563585
1.379058116,0.735058388,-0.216695202,0.351426981,-0.629636414,0.057422865,0.245466953,0.673387684,0.084706549,1.359208632,0.048528095,0.98733157,0.676546329,0.632998927,1.109072751,3.69747217
1.379859719,0.378749513,-0.928671555,-0.458698923,0.3759208,-0.06114863,0.373761308,0.60571159,0.381534706,-0.290602063,0.402866708,1.042669661,0.55355644,0.437983179,1.482497194,2.455075443
1.380661323,-0.29974207,0.151376892,0.631650094,0.224481666,-0.548558764,0.343413526,0.391213098,0.171440223,0.490851676,0.35847372,0.535958126,1.182370504,0.471015827,0.924200731,3.159995913
1.381462926,-0.149984378,0.394990248,-0.040949567,0.307181028,0.088699306,-0.819139165,0.365284272,-0.689572782,-0.498761772,0.23220071,0.508042433,1.101450812,1.461563654,0.769704104,3.437885749
1.382264529,0.448826923,0.38846969,0.145741692,-0.0167081,-0.320025631,0.865147304,0.763795989,0.243717413,-0.270983664,-0.082426433,-0.29522428,-0.060504002,1.256137525,2.281825296,2.892301979
1.383066132,-0.202122847,0.73565753,0.490008289,-0.141844469,0.600457605,1.244292455,-0.402481241,0.52759774,0.364546398,0.639224719,0.944054328,1.098739062,1.36666208,2.093282971,2.905776412
1.383867735,0.441240448,-0.360104213,-0.508217197,0.132162914,0.896813701,0.47018221,0.494115821,0.263681718,-0.842842367,0.64676073,1.69029749,0.933740482,1.145419191,0.61159764,2.638917524
1.384669339,0.077112494,-0.430228175,-0.682071858,0.521165504,-0.283411601,1.477593358,0.591672532,-0.272347529,0.376582387,0.761005481,1.100346095,1.492149154,1.060762943,1.72335714,2.32965803
1.385470942,0.75315388,0.529180998,1.47841517,0.121096046,0.405819918,0.669486666,0.459441303,0.451789891,-0.271817882,1.062652701,0.628809519,1.400809243,0.916974839,1.472947703,3.611614279
1.386272545,0.070629593,0.012394365,0.588557046,0.532420336,-0.688010071,0.136679627,0.631788763,-0.221510761,0.352251851,0.086239334,1.172189752,0.705617648,1.688419687,1.357065543,3.522107497
1.387074148,0.281366401,-0.355258193,-0.260378616,0.49449708,0.15900035,0.540849557,0.527567558,0.377636611,0.862198165,-0.329633332,1.049193432,0.688249521,1.044880476,1.212859403,3.266561174
1.387875752,-0.031630831,0.169921612,-0.222749543,0.63595291,-0.376542492,0.190792473,-0.094917149,-0.665741163,-0.238956584,0.567938242,0.918247647,1.446286128,1.705691002,1.590766827,4.241513076
1.388677355,0.009756705,-0.002910111,-0.07172795,-0.032417305,1.215014406,0.220639684,0.154064114,0.226328616,1.492934428,-0.229019776,0.888804777,1.590321767,1.574905215,1.936231111,4.104645635
1.389478958,0.722177471,0.175804547,-0.092355559,-0.199243168,0.926684247,-0.256705942,-0.390296771,-0.592541105,0.658393128,0.698877005,0.853472788,0.774342584,1.223393553,1.98620852,2.779611903
1.390280561,-0.150725707,0.12358814,-0.23027047,0.664280087,-0.320094695,0.965563613,-0.849373622,0.116314069,0.653907968,0.692764802,0.34254632,0.778533199,1.257813202,1.886257674,3.741814622
1.391082164,0.104172629,-0.07372727,0.509207966,0.751732687,0.540953789,0.258586425,-0.3822293,0.466056153,0.050954791,-0.20298847,0.607119774,0.400888311,0.531235906,2.225246194,3.730862834
1.391883768,-0.181492098,0.181925676,0.26921452,-0.419372481,1.049863696,0.049711558,0.16392815,0.119388077,-0.37940446,1.20050084,0.575238375,0.500605134,2.03029723,2.05668136,3.121121438
1.392685371,-0.341125203,0.580699429,0.126485033,0.093827344,-0.030510732,0.24031662,0.031810633,-0.343346641,0.55148197,-0.083664165,-0.003101573,0.918988007,1.104481422,1.689494,4.05164942
1.393486974,0.758962296,0.188367953,0.183314373,0.13247492,0.373301777,0.756330312,0.53176261,1.431988116,-0.287919228,1.394761983,0.909671191,0.437157311,2.68873787,2.104315822,4.281553178
1.394288577,0.273454572,0.047986636,-0.408123762,0.528599285,0.176093193,-0.515208209,0.695032644,0.1735146,0.282306375,0.921401764,0.068826783,1.684004647,0.663072039,1.620389967,4.529037494
1.39509018,-0.110262727,1.183664552,0.119101951,-0.133922222,0.757882858,0.164204732,0.138067258,0.482908821,0.153113475,0.59388724,-0.12246494,1.60870902,1.95177159,2.318323153,4.086522264
1.395891784,0.525697195,0.454462694,0.707033906,0.076713169,-0.118990209,0.316042227,0.128025029,1.364095603,-1.019613807,0.193066331,0.323841569,1.087959442,1.412050565,1.577198671,5.216079892
1.396693387,0.284869859,0.206529398,0.980842464,0.171145251,-0.037676001,0.829325913,-0.007160699,-0.190867245,0.673593539,0.370862791,1.03980169,0.618732347,1.35624431,1.585022635,4.737382416
1.39749499,-0.020930195,0.721464339,-0.083542148,-0.496668481,0.824351894,-0.448153005,0.706147016,-0.016752466,-0.172901123,1.379931887,0.41812001,1.323966995,1.778795764,2.773959601,5.74612098
1.398296593,0.534933982,0.829128072,0.112640577,-0.010362383,-0.013454621,0.170923079,0.001438329,0.870332314,-0.165844865,0.622438052,-0.271354198,1.109984382,1.107718896,0.90922316,4.174017612
1.399098196,-0.646820895,-0.524274095,0.820148678,0.750310265,0.54582395,0.288983321,1.484032879,-0.186174984,1.093246017,1.165423399,1.532743913,1.037348428,1.160872667,1.850532215,4.750564291
1.3998998,1.182389046,0.373577527,0.481884268,0.404193004,-0.12695893,0.343036205,0.572706152,0.471439716,1.236166005,0.559645892,1.336425206,2.103962402,0.955631941,2.324800452,5.661978102
1.400701403,-0.029479711,0.647265425,0.344912279,0.105306437,-0.060851538,0.420167618,-0.340001254,-0.842543545,0.396946116,0.907290647,0.736900863,1.324688904,2.517913512,2.184296745,4.921402845
1.401503006,-0.235249046,0.267313313,-0.013693498,-0.758603023,1.533583665,0.213992253,1.620607751,0.897044616,1.110116932,0.384579363,0.864085218,1.398625899,2.132003073,2.532312049,5.307872787
1.402304609,0.578952333,0.137752125,0.822450751,-0.239209461,0.910769743,0.652608722,0.641492766,1.197444905,-0.035697773,0.676816104,1.734972181,0.681634555,1.752440964,2.5906501,4.184855018
1.403106212,-0.41072207,0.199675275,0.563828229,-0.575360718,0.119603094,-0.497851323,1.320691329,0.604414572,0.781427636,0.748239456,0.334833471,1.049381442,1.15031614,3.716223293,5.719114741
1.403907816,0.100692666,-0.688705618,0.428609834,0.444497655,0.270442197,0.378576649,-0.519955926,0.047430416,0.531130272,0.62884342,0.900736441,1.058922655,1.496365446,1.689807997,5.365849884
1.404709419,0.61521285,0.328591668,-1.023554065,1.552807615,-0.7004126,1.130980757,0.481594315,0.117554147,-0.361751155,0.858584398,0.730598983,1.095013455,1.68212551,2.582291388,5.013780955
1.405511022,-0.531679537,-0.198542413,-0.403957269,-0.828795587,-0.536919873,-0.085219619,0.362192708,0.215193866,0.922499478,0.200735453,0.358141569,0.206181744,2.212572904,2.551466466,6.031723518
1.406312625,0.920070636,0.393699753,1.00750972,-0.186822358,0.001581858,-0.095881382,-0.430172662,0.718102018,0.978847954,1.297794643,1.224111273,1.440485983,2.45032349,3.342905371,4.938585314
1.407114228,0.096610162,-0.202073883,0.760786723,0.847559294,0.389381796,0.89575185,1.095699823,0.304170037,0.33665028,0.017160737,1.160943133,1.519741187,1.968699288,2.468333121,5.788347969
1.407915832,0.604065233,0.313848846,-0.475147594,0.439070788,0.42921089,1.628636819,-0.270112186,0.077617521,0.630415694,0.463471657,0.80161334,1.267900163,1.532200666,3.027998544,5.963484345
1.408717435,-0.17132061,0.91649497,-0.12294195,0.050798574,0.037346544,1.304038475,0.789583759,1.007006972,1.047499302,0.305565891,0.985519337,1.981092198,2.46621365,2.869585465,5.59171852
1.409519038,0.199696851,0.551054107,-0.790738697,-0.176876041,0.349223633,0.922725581,0.640392984,-0.627907994,0.229475577,0.607966058,-0.241374639,1.042794236,1.894041563,2.090382551,6.135735479
1.410320641,0.419281752,-0.262746305,0.581680038,-0.281206372,-0.298931263,0.780845121,0.891000541,1.170757591,0.656958671,0.627688774,0.597384901,0.391107335,2.98768535,3.248479536,5.29353105
1.411122244,-0.123743561,0.184295778,0.319740471,0.672706299,0.25062574,0.670417806,1.387086198,-0.144587617,0.307427165,1.169988509,0.423560537,1.132804001,2.692577006,3.735874338,7.190600709
1.411923848,0.26614801,0.168648764,0.846281162,0.121028245,0.051739356,0.541794757,0.263173227,0.302015381,0.846962282,1.036300417,1.312886662,1.352160708,2.44120784,3.687889137,5.553225745
1.412725451,0.423000871,0.52371653,0.175983664,0.461651804,0.6062443,0.77768551,0.790854275,0.973423559,0.715957051,0.85298683,0.665909287,1.649011358,2.616946256,3.322213709,6.552996727
1.413527054,1.077390122,0.23869617,1.509003822,-0.091763176,0.565271587,-0.501303277,1.346696207,1.105590723,0.416808472,1.607232947,1.192522811,2.749157766,1.198834787,2.899296356,6.543181931
1.414328657,0.381809071,0.005539051,0.601409151,0.504452551,0.249062475,-0.278810493,0.362525636,0.561842683,0.6629956,0.26943179,0.923024183,0.994536023,1.971306851,3.658131992,5.93453894
1.415130261,-0.085730037,-0.514719666,-0.307005933,0.774094625,1.018156837,0.209346375,0.288391041,-0.432945972,0.613546826,0.459769509,0.958317917,1.173050628,2.833779434,2.96032849,7.669635546
1.415931864,0.83663975,0.398501398,0.378136657,-0.024455318,0.509264141,1.342286776,-0.040272768,-0.352061582,0.382603009,1.638182317,1.778337701,2.379666224,2.572155958,3.04675874,6.798769653
1.416733467,0.22761866,0.685983188,0.142784209,0.065226497,-0.029123958,0.318662544,0.881837044,0.367822817,0.446890451,1.206906482,1.521634766,2.855282653,3.427821691,4.427009705,6.823135467
1.41753507,-0.480199854,-0.058095763,0.466121411,0.541431186,-0.618567816,0.6902255,0.654487831,-0.821387505,-0.134408353,0.116266618,0.025029302,2.448209335,2.777750795,3.790956776,7.441555178
1.418336673,0.500668364,-0.008321389,0.34413101,0.836298606,0.895807382,-0.232754908,0.076126287,1.318236358,-0.036912954,0.376954478,1.356694649,1.951950574,3.310875284,3.919620962,7.032936058
1.419138277,-0.228288527,0.219961091,1.657324323,0.526210842,1.401817313,0.482702156,0.752091312,1.651664592,1.092530904,0.03225603,2.16007476,1.845818542,2.809031952,3.793617128,6.892446686
1.41993988,-0.158049792,0.57150699,0.007652063,-0.2872555,0.019375345,0.633353764,1.575776849,0.944349222,1.023393461,0.319690866,-0.232651304,2.472061217,2.78150203,4.324474234,7.738386987
1.420741483,0.550456815,1.684199238,-0.37116204,1.246319058,0.635212447,0.063810709,0.290453506,0.854945989,0.803603104,1.939541618,0.999643788,0.723123581,3.464020255,4.123276687,7.329656356
1.421543086,0.858749211,0.332365859,-0.097529412,0.476650744,0.106958982,0.379875794,0.287071689,0.522095995,0.359215932,0.46872024,1.429149592,2.361159063,2.883178386,4.980374683,8.02396964
1.422344689,0.384444914,0.616748945,-0.835479452,0.15899533,0.414686631,0.226614727,0.808184258,0.187086219,1.341672079,0.015342735,1.003280933,2.466136152,2.285744165,5.169698232,6.883521015
1.423146293,0.622253912,-0.268897751,0.500929931,0.467199277,0.043550063,0.313987838,-0.161475225,1.345299572,1.223475058,0.33429334,1.50413887,2.179226786,3.519965532,3.860738546,8.071775262
1.423947896,1.25903238,0.628190948,0.122965232,1.006656912,0.604689009,0.684048598,1.274282224,0.915976856,0.282575715,0.469246476,1.385149339,2.53086812,2.317056163,4.316966847,7.487329633
1.424749499,0.545628203,-0.109219957,0.69901345,0.167037439,-0.378805881,0.357895897,0.995000729,0.768731521,1.140620043,1.548269739,1.540680881,2.531724166,3.61053512,4.894673029,7.810334778
1.425551102,0.136463767,0.664883358,0.754573441,0.25505387,-0.71921382,1.516098655,-0.158990947,0.950493493,0.741818496,1.034332197,1.72754283,2.854168979,3.353191721,5.597271719,8.493488853
1.426352705,0.99080653,-0.036921674,-0.150770274,0.468758055,0.208015528,0.125500081,0.759014127,0.307000055,0.627707143,1.478887924,1.210301023,2.738143489,4.187051412,4.986513139,7.496695432
1.427154309,0.437656941,0.788335698,-0.104101322,-0.450344709,1.088740468,0.90325034,0.766601886,1.982472295,1.150427437,1.590149917,1.342613384,2.595089478,2.929001544,5.668673117,7.773654638
1.427955912,0.800456658,0.578123509,0.265634852,0.408344972,0.309880189,0.313531386,1.150385923,0.077318776,0.789815431,0.530182227,1.637703385,2.649023858,4.329062694,6.106939753,7.755061842
1.428757515,-0.790406083,-0.091945817,0.652202448,0.745694747,0.623019482,-0.199672718,-0.053753655,0.404741995,0.922576751,0.818963047,2.135387687,3.137071734,4.365553625,6.226070894,7.852634201
1.429559118,0.666909339,0.46257321,0.099926963,1.213387542,-0.345114752,0.618833415,0.774669237,0.569633759,0.55503139,1.006296307,1.592776408,2.74148159,4.686669369,5.461743386,8.705075993
1.430360721,0.507099291,0.711355814,-0.181499044,1.642591521,0.091713557,-0.144693015,0.445095573,1.083806271,-0.075091661,1.28106181,1.808860228,1.406856131,4.730189482,6.441794616,7.664425543
1.431162325,1.087747822,0.539728449,0.70822949,0.628368157,1.009202676,0.934591977,-0.114157397,0.644544146,0.585724343,1.575553332,2.040074342,3.153196998,4.714458302,6.658194834,8.322123535
1.431963928,0.06600303,0.303395725,0.28916295,0.311254134,0.518302403,0.423124226,0.000351418,0.046089677,1.874631744,1.101153549,1.705672313,2.857051563,4.265693185,6.395904954,8.761079078
1.432765531,0.153829744,0.970669637,0.850795601,0.691788025,-0.187135906,-0.220709826,0.375209402,0.188524775,1.379253209,2.663832811,1.643889876,2.942981232,5.068121333,5.34913785,8.7469198
1.433567134,0.015878985,0.575073072,-0.402025742,1.220560614,0.279378717,0.913422935,0.341742399,1.501602079,1.10087267,0.965223203,2.144042243,3.096659082,5.168893594,6.435789656,7.986253378
1.434368737,0.87609681,-0.226441287,-0.28968675,0.226378102,0.848686847,1.136134888,0.573271049,1.242863642,-0.276437909,1.150879877,1.220473359,3.239282309,4.749786369,6.068008156,7.301718792
1.435170341,0.963909719,0.45875265,0.305627537,0.403550539,0.380718339,-0.465755531,1.291121972,0.660902171,0.410386871,1.292519445,2.152681557,3.363145812,5.164399319,7.684993527,8.807527005
1.435971944,-0.428104926,-0.295981181,-0.106654704,0.096741026,0.072102088,1.557313653,-0.067684907,-0.204724881,0.95176871,0.753495877,2.734022109,2.667506972,4.874018199,8.227961706,8.560093188
1.436773547,1.098170888,0.686304684,0.641333254,0.674445034,1.219135939,-0.306751772,0.545298508,0.318116372,1.009794065,1.621513213,3.05321984,3.178005178,5.476057101,6.791691616,8.908146854
1.43757515,0.884865699,0.174236078,1.473006677,1.18906086,-0.16551856,1.107723476,0.569098245,0.819561361,0.687169886,1.625780071,2.680349466,4.065280659,5.638990663,7.485402419,8.748947384
1.438376754,-0.245497553,1.230120605,0.291555444,0.932206445,0.570726487,0.505282297,1.125047678,1.066636883,0.762338249,0.491754782,1.740595184,3.875549901,6.228003541,7.642885327,7.954595031
1.439178357,1.00781692,1.09306483,0.481095442,0.096216672,0.760702667,1.209550683,0.797960188,0.028831864,1.790657021,1.235068216,2.198846852,4.114258345,5.728365305,6.798110079,6.924461456
1.43997996,0.997922195,0.149758957,0.455065392,0.649369633,1.565380734,0.588804007,1.313655028,0.588316038,0.118320425,0.887238364,2.534426032,3.72635014,5.743283896,7.431692876,8.685855388
1.440781563,0.687330395,0.365592662,0.932499488,0.106984948,0.190498706,0.629818995,1.398607777,0.882722509,1.069390866,2.000915962,2.511483963,4.08846774,6.2219604,7.307376494,7.309405023
1.441583166,0.192432539,1.423451451,0.676701371,0.797812631,0.532816188,0.627248193,1.294224148,0.608552321,0.543009466,2.161653377,3.252854741,4.889636537,6.686900505,8.246915054,8.847721111
1.44238477,0.095821089,0.849086635,0.486086988,-0.249042133,0.415325764,1.151669734,0.081282343,0.960761868,0.178416461,2.392589048,3.276978673,4.546116527,5.900101666,8.031555761,7.786036727
1.443186373,-0.173156526,0.120437472,0.907542448,1.349353557,-0.283242571,1.759858014,0.915507031,0.101637257,1.884533643,2.32132356,2.033227553,5.224947355,6.516910391,8.670362323,7.907276202
1.443987976,0.994532465,0.230318756,0.972923659,0.936418558,0.901021601,0.865759148,0.67960472,1.221982164,1.228017466,1.236270674,2.862999632,4.058696303,7.391126007,7.799308648,8.19095521
1.444789579,0.687912086,1.177283873,1.916589819,0.222265111,1.476481981,0.894894143,-0.228613804,1.312307907,1.268099074,1.623714574,2.992288832,4.718631969,7.412952067,8.731090209,7.366068798
1.445591182,0.844753103,1.186600243,0.16052897,0.448575767,1.615135822,0.005888787,0.550575031,0.107810274,1.552896358,1.494901272,2.671175695,4.863189926,7.462939983,8.27346397,6.922121343
1.446392786,0.17217613,1.244850741,0.448247392,0.598459731,0.722109096,0.729585088,1.403461592,0.791296421,1.303140642,1.831549798,4.011258659,5.932797325,8.077278133,8.254479733,7.947096047
1.447194389,0.718015665,0.53423696,1.312212717,0.952277484,0.290385037,1.158676442,0.791671877,0.291805378,1.834042666,2.708951757,2.49213625,5.34325232,7.456478051,8.542693916,6.949358475
1.447995992,1.065791789,0.751781642,0.923755529,1.208963247,0.317022569,0.431373529,1.508405691,1.239354717,1.68229563,1.386032293,3.383787697,5.425915203,8.333300486,10.11359237,7.126167715
1.448797595,0.727307869,0.910343654,-0.151045964,1.108471474,0.726457395,-0.055909318,0.392255534,1.082732606,1.491173219,1.427503082,4.00248214,6.846071221,7.761167503,9.788059169,6.601306092
1.449599198,1.388137878,1.322885098,0.92354832,0.637545686,0.037357446,1.300209589,0.328436199,0.913516877,1.604642051,1.331549472,2.833322432,5.828200968,7.058624099,9.628534273,6.459130881
1.450400802,0.798589139,0.353625851,1.592813025,0.636426817,0.172645954,1.038702251,1.295691265,1.146790526,1.366160009,2.032960718,3.384043302,5.667191429,8.400468369,9.741844872,7.347805805
1.451202405,1.47550813,0.470892244,0.666030081,0.866275204,0.888948216,0.532445005,1.243375529,0.953192895,1.774786603,2.194246925,3.92394754,7.288602521,9.499335933,10.1984988,6.957349949
1.452004008,-0.199098345,-0.109855299,1.412493014,0.752325825,0.584290511,0.922649176,1.51976201,1.071151149,1.773048994,1.966502233,3.87615979,6.37070941,9.591985619,9.48896862,6.900084901
1.452805611,0.599005906,0.026491056,0.806911783,0.515899231,0.418514605,1.108786695,0.573251306,0.6070487,1.437600371,3.485808261,3.666204487,6.465546379,8.222978502,9.906537843,5.781371278
1.453607214,0.875241409,0.448703103,1.330881234,0.792668846,1.280384402,0.978036024,1.592149192,1.652023188,2.016212663,1.460344877,3.699762381,7.598156349,9.29609798,9.404063929,5.383081696
1.454408818,0.9741671,0.499696462,0.563205124,0.340021981,0.24337653,0.690216808,0.707323016,1.252368147,2.385689533,1.989822495,4.571006797,6.114981099,10.86189122,9.102467386,7.540168975
1.455210421,1.938822595,1.376683295,1.535980359,1.218056059,0.460724571,1.465844459,0.872333246,1.885074193,2.414317067,2.503303827,4.112949347,7.370484686,8.575009546,11.66797207,5.542564492
1.456012024,0.353880182,-0.010240193,0.724486738,1.332712481,0.444099701,0.941210847,1.473231362,0.774385333,1.499069141,1.297549444,4.59535154,6.853986836,10.49392481,10.69855176,6.523466174
1.456813627,1.036196611,-0.120515315,1.263962961,-0.116546773,0.938032531,0.849833756,1.695654256,1.629742166,1.083762783,2.304373667,4.797469344,7.504256048,10.22806414,10.45005105,6.230790464
1.45761523,0.914142611,1.206702677,0.45424329,0.607340528,0.887392341,0.920096722,0.771261858,1.286099187,1.771520894,2.902978004,6.139078934,7.960263373,10.13995034,10.84539987,6.521077341
1.458416834,0.655618982,0.822978658,1.572495217,0.359896205,0.9662742,0.916240836,0.765246875,0.399633561,2.679088363,2.237501863,5.484763608,7.525592936,10.76039839,10.26569826,6.306257359
1.459218437,1.645355753,1.106642873,0.881782356,0.402190941,1.027022613,0.670483124,0.51616662,0.768647932,0.970023706,3.411796202,5.960197089,8.856418456,11.13552086,10.42585192,6.241099761
1.46002004,0.52880427,0.821551383,0.538083346,1.810754541,1.422335065,1.693602155,0.543286232,1.260380313,2.801510699,2.874417474,5.897719428,9.116822951,10.29961308,9.842791141,5.546594512
1.460821643,0.622812311,1.124648624,1.10447046,0.6955227,0.803414744,0.506268538,0.977014944,1.71874297,2.11283049,3.803065137,5.071114572,9.511985126,10.95462611,10.51994345,6.053081223
1.461623246,0.802181868,0.838589908,1.200249436,1.31398286,1.46782789,1.051363414,1.199680081,1.384038433,2.204444466,3.452254827,5.75961463,9.41251008,10.49130527,9.637320363,5.113705007
1.46242485,0.808259241,1.679321121,0.258832355,0.018783609,0.805168159,1.817079749,1.160512378,1.836188141,2.325639946,3.920564899,5.847475144,9.461522187,11.42821445,10.44641847,5.111192374
1.463226453,1.321024082,1.001943641,1.186481901,1.849769835,1.477124286,0.952248209,1.83595978,2.024816273,2.257320087,3.071967542,5.811474708,9.796761558,12.14735624,9.039203075,5.0095514
1.464028056,0.578067748,0.736884581,0.751279519,0.669330083,1.058259952,2.239596663,0.618063714,1.800793579,2.446265675,2.775039562,6.486874266,9.7153773,10.74359022,8.718064322,5.744256272
1.464829659,2.067946099,1.633110764,2.139634237,1.050919265,0.767958372,1.149566606,1.712283263,1.624729858,2.574757634,3.916559676,7.609140059,9.314392259,11.38922966,8.802835197,5.010874289
1.465631263,1.156659779,2.02752665,1.213622229,1.410611941,2.25255949,1.151819151,1.623003146,2.218659834,3.176006322,3.369257148,6.932854981,10.08877363,11.43405873,9.945570271,4.272630682
1.466432866,1.386752323,1.467840215,1.467322634,1.167033503,0.927290847,0.89766063,0.850651363,2.546933955,2.327155919,3.789301296,6.496990724,10.26863295,11.87966037,9.325888042,4.650067159
1.467234469,2.197029911,1.538154415,0.40962553,0.70741058,-0.062295984,1.00382729,1.276417412,1.814516844,2.719032421,4.15545602,7.860259639,11.56902555,10.61224885,8.501188853,5.171563849
1.468036072,1.810358089,0.732610237,0.48693333,1.734044654,0.397493043,0.411389959,1.699447179,2.125721692,2.265279461,4.18535458,7.59688278,11.11799366,10.63098717,8.229965131,4.212063124
1.468837675,1.544326352,0.986638135,1.40082893,2.226000786,0.802454152,2.069898862,2.13505004,1.938295984,3.08908489,4.779468491,7.156893393,11.03192381,10.79831965,8.636065899,4.613894924
1.469639279,0.423562309,1.06780206,2.361675931,1.833809311,2.058602647,2.361415839,1.543645892,1.447189018,3.734053799,5.057369583,7.653138396,11.77819175,11.7359379,8.325892674,4.181797154
1.470440882,2.011883969,1.705385744,1.811153226,1.678845878,0.770366014,1.46409695,1.793405388,3.048909592,3.338463551,4.59237473,8.449040453,12.42712206,11.34751653,9.557566476,4.933429128
1.471242485,1.315526195,1.351836616,1.054276091,1.847965845,1.913172101,0.242735649,2.353530792,2.474794527,2.808485526,5.522975265,8.908863924,11.72630535,11.63667961,8.959940141,3.618005373
1.472044088,1.818870301,1.954882419,1.376643467,1.254413354,0.78006572,1.020978424,1.577727415,3.042475261,4.983165112,4.911969978,9.146932533,12.99885108,11.78870369,7.733659393,4.048894343
1.472845691,1.292389928,1.718210508,0.535418286,0.790036178,0.87321561,1.271573532,2.020589785,3.405570996,3.875000761,5.012916116,10.84565698,12.2516464,11.44109137,7.432438718,3.809651629
1.473647295,1.196353207,1.350766358,1.792984836,1.890829381,0.978111618,2.0799423,1.9973401,3.183167701,3.08194511,6.421304777,10.35530786,13.04014291,10.12344192,7.376531524,3.867388944
1.474448898,1.20754439,1.583499679,1.484986826,1.983534246,2.800577502,1.784696869,1.587696303,2.637961897,3.607604991,6.793033804,10.20401039,12.60940221,10.31151071,7.592478247,4.643727646
1.475250501,1.880306496,1.797879145,2.445826398,2.044734994,1.938181984,1.398913319,1.556901985,2.747851667,3.269523718,6.489764332,12.12904782,13.15350369,10.94675614,7.753993795,3.975525047
1.476052104,0.997999086,1.779977832,1.709236997,2.370440372,2.014365854,1.669925934,2.528322916,2.513553683,4.349921957,6.603209249,12.04465644,12.24769248,9.978025151,7.121312735,4.183909249
1.476853707,0.988626597,2.061637225,1.290838394,1.910810233,1.641318408,1.653394566,0.984277507,2.741863913,5.548659123,6.439895893,11.74215178,12.24036116,10.29535565,7.288408167,3.897311264
1.477655311,2.2063123,2.517851503,1.898524843,2.222708118,1.161792737,0.976004918,1.905455821,3.131652094,4.041292335,6.666579202,11.50063212,13.17244128,9.94007016,7.259517696,2.97511983
1.478456914,1.962232123,2.073845903,2.323769645,2.261225901,1.52247698,2.078859171,1.62578988,3.310014469,5.806214424,8.857269613,11.34113974,12.89487988,9.561016691,8.367791805,3.550416322
1.479258517,1.465555162,1.599784876,1.82260608,2.761976081,1.809007772,2.247706702,2.140111219,3.595383427,5.998928167,8.113849366,11.79681658,12.91263995,9.026057814,6.841007699,3.819409179
1.48006012,1.766332089,2.169915215,1.034361514,2.371418103,1.963924131,1.483213963,2.097087386,4.376179522,4.879607256,8.002305651,13.34479269,12.22874179,9.193175645,6.473439872,4.134908734
1.480861723,2.580264651,2.24100253,1.725173848,2.645847008,1.877913887,1.385268175,2.192039542,3.351173281,6.495074086,8.282563358,13.85779412,12.01365613,9.780414247,6.507636558,3.702084254
1.481663327,1.463245005,1.799390223,3.008111859,1.738976114,1.747154185,1.933103566,1.798159386,3.465889614,5.547961286,8.436236477,12.67095167,12.72615798,9.399071104,5.615353816,3.792582026
1.48246493,2.958169274,2.919875211,3.462416022,2.472843035,2.27215951,2.955270591,1.997890683,2.886508834,5.963905257,9.235791957,15.19880245,12.50497042,8.764389562,6.209712945,3.579070138
1.483266533,2.269737081,2.622470585,2.566603231,2.641707711,1.823176818,2.637596665,3.402929721,3.326402524,6.039909057,9.131469365,14.70973963,11.72317248,8.607624426,5.805945592,3.574555993
1.484068136,2.641365726,2.526737898,2.636285903,2.372665588,2.01647953,2.732805468,2.96685969,4.404830117,6.089852375,9.952663666,14.65830808,11.9147505,7.210466328,5.680983949,1.82377352
1.484869739,3.117556353,2.524114289,2.341444102,2.359734964,2.372968542,2.772229557,3.534818383,4.53663303,7.656047584,11.50283001,14.94995086,11.68456673,8.34091516,5.914671077,3.479957524
1.485671343,2.181792877,2.976335188,1.702808505,2.439404009,3.193429427,2.926756026,3.311189105,4.860874248,7.10718892,10.5768994,14.93343679,12.38282681,7.433698229,5.669697296,3.236233926
1.486472946,2.338207518,2.341649353,2.939219464,3.295072109,3.030736091,3.043073693,3.697825346,5.150308884,7.235227721,11.0876152,15.47766101,10.95211467,7.127397991,7.433148959,3.095012374
1.487274549,2.729703351,2.911408654,2.489454407,2.986163388,2.672755832,2.625152953,3.040648719,5.457771635,9.800069381,11.93439408,15.53223626,11.4365668,7.778026583,5.410550936,2.616315337
1.488076152,2.705660998,3.789910845,1.728949008,3.917926767,2.591607698,3.519823758,3.077860106,4.611883234,8.081136784,13.09571974,14.65866866,10.45506457,7.513690911,6.061734372,1.684565828
1.488877756,3.768520527,4.175608915,3.60820679,2.962563472,3.416785309,3.415639923,3.418759116,6.159993868,8.861506214,13.62955677,15.26220406,10.1380362,6.561623621,5.441355098,1.851432739
1.489679359,3.291653477,3.299610547,3.002438546,3.077269157,2.912272317,4.521384902,4.794992922,6.870740944,9.439665659,14.37424165,15.49412554,11.00563634,7.165172874,5.586729333,1.968423973
1.490480962,3.350136199,3.187765265,2.946154018,4.446734207,3.475244846,4.338460807,4.764842635,6.285600653,9.950665751,14.00915673,15.18723225,10.12999909,6.668619696,4.762573586,2.207117616
1.491282565,3.263659354,3.380949969,3.26961176,3.237964784,3.249834134,4.790087812,4.425873451,6.173567982,10.91268976,15.41392297,15.71857531,10.07425188,5.809859254,5.196710647,3.459155563
1.492084168,3.925225991,3.504449341,3.368769041,4.108586192,3.515180939,4.39286183,4.095397922,7.734573502,11.41529635,15.65365671,13.67293953,9.335074118,6.605360983,3.913277804,1.897338881
1.492885772,4.103474698,3.964295419,4.220978374,4.852336707,4.96333961,4.181696827,5.551470756,7.253919388,11.91478458,15.80442523,14.09590471,8.294572599,6.750210423,4.740343671,2.681924565
1.493687375,3.928296559,4.608363717,3.795277052,4.859324649,3.641005186,4.122799196,4.375358987,8.21279463,13.523877,15.46979061,14.34319776,9.741955769,6.229913123,5.35374731,2.894054796
1.494488978,4.24371256,4.828868013,4.531207418,5.104724974,4.472598022,4.749094427,5.001838952,8.73743855,14.0284698,16.31010207,14.01537506,8.551018215,5.534148708,4.098010697,1.112424644
1.495290581,4.366342443,5.745596578,5.76829934,4.318346007,5.252286281,4.817163866,5.412556731,8.737385504,12.34878311,16.79486902,13.3853156,8.903477056,5.871217267,3.941764397,2.427708948
1.496092184,5.189341645,5.223357618,4.465199316,6.090045199,5.005306012,5.231772477,5.189101602,9.450410914,14.38910536,16.85001887,13.09674514,8.157492589,5.257396261,3.551180903,3.106955443
1.496893788,5.180747038,6.219056859,4.892435973,4.522451568,5.172450569,4.485011847,5.447928106,9.552707101,15.60106511,16.68754565,13.94952114,8.453046983,5.529066993,4.148790824,2.262440185
1.497695391,6.307007334,5.805502177,5.848541296,6.223489906,5.039823647,6.68257944,6.549176627,10.36525553,16.1973439,17.77365493,13.00407688,8.271627296,4.835539977,4.484365952,2.221633006
1.498496994,5.644186642,5.963324052,5.237808421,4.516848697,6.559096204,5.812489597,6.899348755,11.26008457,15.8502063,16.66232951,13.45985122,7.358934703,5.019621631,3.471831142,2.000974014
1.499298597,7.183765053,6.179903077,5.777086309,5.998677505,5.607580378,5.593063443,7.400921014,11.92432368,17.20213406,17.05533827,13.01675155,6.61752069,4.392181749,3.409862327,2.682862451
1.5001002,6.855144194,7.166415166,6.055274088,5.859612987,6.442783372,6.557252037,6.918880428,12.49125329,18.26136156,18.52400094,11.89836879,6.711599042,3.788347032,3.776639896,2.446313054
1.500901804,6.695268609,7.612254244,6.36216116,7.378335001,7.154654354,7.205971426,8.276631331,13.32439154,17.8175471,17.44396467,10.7734299,6.301594422,4.611559064,3.114730435,1.907916151
1.501703407,7.534812462,8.855285157,6.424722085,6.780078305,6.549339543,7.529118958,7.721110288,13.7244747,19.53351048,17.61585839,9.643539641,6.700044823,3.908342475,3.848705013,0.773071234
1.50250501,8.243267053,8.070069498,7.794530999,7.785089183,6.960561316,7.909418699,8.507619894,14.87408636,19.06429379,17.09373147,10.97635937,6.081453664,3.939532148,4.304491242,1.655207392
1.503306613,8.084671848,9.331937272,7.484727896,8.60884843,9.263780811,8.85702116,8.961539249,14.24594781,19.62521005,15.92882352,10.09604983,5.388345352,3.621952476,3.179753678,1.39996379
1.504108216,8.352813915,9.097606192,8.168862478,10.36249309,8.869550174,9.421129681,9.605541416,16.07775084,20.17630563,17.16667605,9.178601068,6.579670832,4.091006658,2.90844643,2.152361316
1.50490982,9.142462779,9.397700437,8.540961137,9.462961392,9.292085907,10.76231202,10.78117723,17.05728019,20.41770665,14.47662642,9.365331057,4.964344402,3.4650347,3.007680358,0.972002675
1.505711423,9.69448655,10.78682202,9.214842141,10.37824947,9.435893121,10.92544692,11.37825085,19.10219247,20.48767926,15.28669875,9.596395445,4.694354041,3.277881426,2.517292725,2.071290128
1.506513026,9.989894747,12.06608725,9.516476823,11.82679002,11.37425303,10.86059127,11.85477158,19.31024846,19.79635605,15.38032349,8.490785793,5.468446416,4.495851153,2.880566556,1.230867271
1.507314629,12.08466985,12.20746663,9.879582562,12.58294952,12.47430818,11.4158876,13.00626509,20.65200069,20.07600211,14.70261305,8.499245766,5.298573351,4.345306307,2.855223915,1.061812532
1.508116232,12.75652995,13.82878325,12.00903981,12.85247587,11.52416099,13.23563534,13.34364947,21.05579286,19.99232083,14.35254041,7.739065153,5.545719175,4.149634405,2.648171725,1.469944413
1.508917836,13.04185674,13.93294101,12.33719266,14.1772403,13.02430265,14.43591372,15.74441282,21.41436615,19.38943421,13.67560962,8.166415894,4.295292657,3.997943398,1.901716479,1.816482379
1.509719439,13.99908167,15.33708257,13.58031292,14.32271068,13.85556626,15.33960019,15.24885793,22.27639572,19.95389883,13.33356045,7.763128987,4.340112551,3.609050029,3.819859432,1.253659323
1.510521042,15.20422922,16.5987352,13.11269092,16.75774962,14.38485289,15.66602946,16.12625842,22.04067946,18.03923678,11.93009359,7.053888579,5.282452079,3.083008342,3.753079515,2.096570896
1.511322645,15.69935501,17.24903302,14.3913686,17.37339055,14.49775303,16.90088002,17.70356768,22.3553596,17.88650396,11.81230083,7.025157508,3.987383439,3.40178913,2.149257988,1.997572188
1.512124248,16.30627975,18.28675496,15.58424297,17.69651803,15.66082564,17.21555535,18.71177243,23.50501323,18.65689971,12.2123672,6.896311319,4.640157392,2.381020321,2.483022993,2.355435457
1.512925852,18.53594515,19.6240319,16.00161857,19.26944648,16.67906507,18.75588918,20.15280535,22.032619,16.55465952,11.59298969,5.708875088,3.225186843,2.184390678,2.330780143,1.426496296
1.513727455,19.23989857,21.44418364,17.26802264,20.79304795,19.33195652,19.80849191,20.13842381,23.16801716,16.86418661,11.57063798,6.410820152,4.153990269,3.567686208,2.408057235,1.369678686
1.514529058,19.68008478,22.23146859,19.16348948,22.05839047,19.35755162,20.84876441,22.76582641,22.83844694,15.22898294,9.551268046,6.384302116,3.955925655,3.224274737,1.38446965,1.642016375
1.515330661,21.75754511,22.56491646,19.91988245,22.809551,21.41507508,21.85216171,22.56839285,20.9377191,15.0247566,9.849174195,5.070497823,4.033186307,1.920341948,1.872647613,2.157501322
1.516132265,21.70808968,24.03127203,20.52348732,23.82911485,22.15740376,23.44263667,23.70753745,22.16776358,14.06602588,9.724304416,5.315674575,4.006808461,2.225267201,2.342011896,0.535076971
1.516933868,23.2466107,24.55878688,22.1120587,24.53992059,23.21987577,24.21498206,23.75529731,20.41717559,13.86568815,9.333442653,4.662031621,3.849754334,2.831554286,2.303667728,2.238492518
1.517735471,23.78021296,25.8592241,23.11352677,25.10246202,24.71176111,24.53893651,24.78971075,20.2225079,12.91888873,8.723310097,5.10413,3.670744543,2.437869419,2.17858752,1.891931512
1.518537074,25.09154348,26.19190157,24.02441973,25.93403961,24.22462674,26.80939324,25.44481099,19.0515433,12.25955445,8.017592785,4.182878303,3.434930995,2.861940041,2.746456021,1.509929272
1.519338677,26.1885691,26.308252,24.57528201,26.7023606,25.44699765,25.91702138,24.77839512,18.75661051,11.08687044,8.049573181,4.538346294,3.52287593,1.417941948,2.53792675,2.329266733
1.520140281,26.47626233,25.75589786,25.65783239,27.28879274,26.47113913,25.43763985,26.39611846,17.95690481,11.99597682,7.283287141,4.045353242,3.096979924,2.389790915,1.216110345,1.431793274
1.520941884,25.79268336,26.09084239,24.77350767,27.66463462,26.50060497,25.69814131,25.32935435,16.91243907,11.24628417,6.777281001,4.485050689,3.041113468,2.404649115,1.698990297,1.864621036
1.521743487,25.52080715,25.87408551,25.44090236,26.87190063,26.44884724,25.49286618,23.59795344,15.54951598,9.323014615,6.39983523,4.408902927,3.515347439,2.310971656,1.521094706,1.38671136
1.52254509,26.83241529,24.6847299,26.23018564,25.46243926,25.41825103,25.8293145,24.30412747,15.39822481,9.520613525,6.297083602,4.131226828,3.718927445,1.697781159,2.131252952,1.527375973
1.523346693,26.29849499,25.03262959,24.7204421,25.44928107,25.35522216,24.03404662,23.74923925,14.78769935,9.434379995,6.242349067,4.273032755,3.099118695,2.21185451,2.347737579,0.579072608
1.524148297,24.901487,23.99252837,25.71440486,23.99161459,24.59877593,23.28076763,22.84972615,14.37726988,9.185743983,6.466392255,4.693886047,3.408537948,1.660778995,2.677363121,1.506426662
1.5249499,24.50732032,22.9962373,24.80858069,23.2160954,23.3217589,22.89016693,21.76617835,11.97692905,8.550898728,5.760739283,3.769684805,3.275192651,1.240650339,1.866849023,1.441188738
1.525751503,22.71283502,21.28310886,23.24663471,22.68659914,23.08475115,21.66426207,20.64733898,12.65926459,7.056521319,5.974722541,4.204115579,2.690366868,1.603677913,1.800602625,2.234395075
1.526553106,21.95604072,20.40766371,23.07347172,21.81065866,22.18992573,20.01388963,19.43917695,12.61652212,6.599778597,4.225818317,2.889947082,2.268195856,1.904211186,2.826710437,1.586548788
1.527354709,21.35199809,18.92528635,22.44435622,19.05776245,21.04213012,20.01580637,19.5704906,11.12724039,7.705441388,5.34683574,3.758608938,2.033866693,1.867944416,1.707975596,0.695538154
1.528156313,20.20932487,19.32693326,20.52916879,18.79617973,20.03954902,18.26627721,17.35676642,10.2490016,6.474681996,4.259562969,3.400615439,2.534177818,1.993381388,1.948167962,0.349012362
1.528957916,18.5830936,16.82390268,19.2242132,18.58097216,19.10367603,17.36922704,16.78226936,10.22883448,6.679911835,5.025535906,2.868222314,2.630122125,1.580555368,1.249063619,1.26806582
1.529759519,17.83386862,15.64895006,19.71900569,17.94862021,17.94754224,16.60572243,16.35801528,9.497015228,6.974907005,4.564554933,2.959970888,2.262558532,1.600201718,1.481302885,1.296976735
1.530561122,16.51494212,14.5202271,18.52585555,15.03185027,17.19882129,14.64987572,15.15498029,8.595868102,6.059267533,5.241953653,3.144538395,2.470314243,1.843605151,2.24441777,0.940110699
1.531362725,15.1549845,14.36345105,16.27123765,13.7558786,14.95943474,14.15661459,14.34327272,8.967240981,5.62746446,5.089890397,2.840062645,1.970616883,1.855920909,1.161965561,1.847188794
1.532164329,15.07581936,13.25664579,14.84792189,13.38017915,15.0103172,13.9764286,13.10770951,7.987678164,5.171198144,4.035095211,3.086970017,2.049678367,1.788143971,0.976675263,0.81559522
1.532965932,14.42345062,12.68933095,14.71320587,13.18535689,13.43975406,12.8776103,12.03396207,7.347820159,5.013681608,3.777363124,2.545348488,2.781112929,1.577442799,1.008021988,0.767695569
1.533767535,12.83493242,10.76212771,14.07210689,11.66597981,12.83368767,11.66273039,10.09670001,6.353393826,3.955457183,3.910229125,2.670335372,1.806500162,1.361062219,0.654634694,1.094779556
1.534569138,11.38708137,11.43361455,12.6325122,10.93193362,12.44745437,11.91231956,10.93129298,6.284704642,5.847216199,4.202444359,2.581718812,1.172602493,1.523979315,0.823524964,1.269772092
1.535370741,11.73820019,10.26082646,12.17064653,10.26333978,11.71677749,10.87183473,10.6954866,6.463598943,5.007593963,3.215286672,2.623448701,1.898124021,1.828242779,2.080892772,1.548671313
1.536172345,10.68386136,9.081499948,10.81310538,10.48197327,10.4978762,9.948711724,9.011590321,6.454951849,3.733678168,3.47997585,2.156321951,1.069616894,1.479681869,2.184447691,0.649485891
1.536973948,9.632443768,8.969346851,11.86043872,9.008167157,9.225121884,9.935798896,8.739084188,5.244907848,5.306168389,3.111645837,2.179054571,1.684070803,1.135535091,-0.096974944,1.198895348
1.537775551,8.485478966,8.00645699,9.96673094,8.760448798,9.056487229,8.532257551,7.8675703,5.88039915,4.662231811,3.643371211,1.700335872,1.950811729,1.418470716,1.707816179,-0.017146667
1.538577154,7.839862174,8.141862343,9.877320549,7.525828642,9.932643488,7.834307756,7.515200591,5.929068844,4.342497732,2.970227452,1.82442547,1.835430207,1.231077814,0.906126289,1.373749757
1.539378758,7.846805678,7.230969042,7.938752664,7.215174437,7.099793069,8.375637435,6.793605249,5.990733637,3.071349792,2.689794287,1.798043593,1.673447081,2.144834443,0.588618453,1.451370248
1.540180361,8.128158495,6.658770253,8.11590757,6.667104994,7.474317904,7.031004259,7.622077021,4.265977571,3.379342231,3.032683228,2.968367774,2.789292853,1.778889339,0.905728497,0.181542168
1.540981964,7.249355631,5.952060676,8.207412177,7.574825856,7.263285077,7.083535378,6.243395127,6.28139983,3.685562859,2.650464897,1.920908186,1.38953807,1.914928901,1.052298219,0.836368067
1.541783567,6.627332049,6.812490841,7.152460978,6.813402126,6.810033939,6.340977442,6.184055651,4.423148895,3.539913855,2.307147766,2.839627687,2.145193199,0.644097942,1.78712321,1.180951039
1.54258517,6.444798845,5.067597139,6.825969907,6.739291866,6.725738699,6.637768442,6.334867692,4.904704837,3.211782366,2.533581877,2.466221574,1.801228694,1.147781226,1.283445933,1.291321588
1.543386774,6.006355828,5.896686888,6.626476094,5.887227655,5.63267498,5.725043258,4.970711961,3.992679742,2.580327472,2.592317922,0.617536622,0.643726619,2.037151202,0.927661477,0.468271345
1.544188377,5.834163383,5.05216547,6.343333802,4.700466022,5.61773644,5.202075274,5.824278349,4.066352437,2.265717916,2.699655079,1.74935704,2.021699554,0.764164473,1.696819721,0.043432347
1.54498998,5.122615108,5.746717874,5.790515982,5.138869489,5.353614654,6.21773231,4.276932864,2.559423972,2.741855042,2.240400292,2.35084824,1.657192319,2.817125717,0.775212128,0.434838653
1.545791583,4.654451366,4.703241471,5.208579218,4.608566647,5.874590998,5.172706315,4.520729771,3.681003831,2.006300322,1.839582832,1.722692833,1.573673886,0.378008316,0.955108512,2.075782234
1.546593186,5.378600184,3.7380084,5.587037866,4.723386913,4.947899703,4.586234074,4.78550129,3.362942346,2.878223615,3.143153865,1.650051631,0.569164791,1.175535196,0.818816094,1.901177597
1.54739479,4.477590497,4.260903297,4.882547519,4.417392195,5.50853232,3.980554145,5.240591636,3.190492065,2.181869968,2.705466936,1.725823367,1.884194938,1.444346989,1.757961193,0.990571732
1.548196393,4.343996651,3.725748873,4.936972023,4.102333939,4.390555623,4.324813082,4.167112275,2.58584275,3.227630086,3.660587813,1.695492496,0.786479308,0.859260107,1.19000918,0.740115494
1.548997996,4.133628065,3.579650896,4.917772362,3.170579538,5.127350221,3.62241381,4.175889494,2.467289496,1.739472343,1.485731015,1.780902846,2.045750191,0.477756239,1.057630685,0.483643347
1.549799599,5.17227423,3.055423402,4.171335421,4.0379924,3.665391422,3.621876598,3.819812453,3.087694238,2.235556689,0.592651951,2.066904197,0.414256308,1.317929358,1.151504779,0.55195286
1.550601202,3.986341996,4.197762368,4.425414257,4.317135938,2.879237855,3.628830255,2.659941655,2.782646233,2.579336842,2.365968833,0.855256571,1.441914071,0.991253805,1.108415527,0.436075427
1.551402806,4.223300695,3.210760615,4.620926684,4.188498943,3.473934095,4.151961876,3.025910966,2.328524105,1.706668279,1.894823322,2.142184272,1.917135653,1.928764991,1.082114509,1.812138971
1.552204409,3.374955186,3.488947377,3.914924765,3.642531075,3.26355669,2.983017242,3.450950164,2.356203875,1.46102479,2.515805608,1.447190131,1.159734749,1.599423626,0.96192524,0.776309943
1.553006012,3.072750866,3.086781754,3.527141379,2.814223501,3.179906286,2.767212586,3.217537144,2.742004715,1.972209053,2.357534125,0.62990433,1.845967405,1.131210286,1.116707867,1.254271902
1.553807615,3.394738866,3.265075631,3.787924322,2.351333357,4.506605506,3.715519597,2.802426723,1.94084465,2.140535348,1.589303353,1.163628243,0.504654199,1.13664524,1.415244095,1.496358505
1.554609218,3.357475746,3.016141631,3.464566106,3.472903853,3.771582782,2.69611647,2.326433453,3.007088877,2.141113298,2.084640427,2.016727861,0.409379773,0.539272804,0.354615833,0.797059629
1.555410822,3.35029052,3.293300992,2.587569795,3.90433641,3.396203571,3.43442499,2.253730634,1.630532663,1.5490155,0.675388925,1.881922419,0.697765011,1.408097077,1.094060178,0.587149576
1.556212425,2.876860592,2.838974921,1.37763493,1.767871377,3.076166806,2.748030859,2.79973846,2.211919745,1.639684983,0.975504904,1.617699415,0.842004247,0.957812858,1.064012294,1.911070316
1.557014028,1.898139406,2.514004918,2.782625156,2.919673554,3.127055693,2.32615273,3.05834062,2.111471247,2.1487502,2.43532449,1.447312214,0.980643062,0.942434669,0.632461058,0.597815082
1.557815631,3.359766417,2.244220046,2.855488617,2.549344493,2.522103324,2.964476373,1.899073515,2.000898753,1.414968088,1.046654054,2.264208777,0.880730042,1.109125541,0.972777522,1.315725703
1.558617234,3.026168135,1.812157786,2.279565878,2.619925014,2.330683523,2.945247531,1.97030959,1.622310515,1.809138111,1.37515041,1.592369543,0.254913462,0.701449227,0.919530086,1.163913829
1.559418838,2.678628828,3.554221783,3.011763349,3.095767392,2.619388316,2.247051842,2.133851862,1.318354484,2.199988421,2.158747052,1.062266503,0.149120674,0.538815834,0.574806852,0.474423844
1.560220441,2.266075762,1.162717777,1.663798604,2.687747545,2.716515543,2.801377382,1.958115226,1.657822434,1.211476023,2.127301013,1.71988841,0.298742463,1.105324797,1.026503268,0.548148791
1.561022044,2.928467329,1.237282261,2.576644739,2.718407253,2.497199835,1.72163206,1.733715613,1.093086309,1.861340447,0.912141613,0.893420713,1.784615856,1.097001043,1.00100766,0.662360383
1.561823647,2.847222888,2.332485725,2.325319154,3.045925729,1.893995867,1.96600058,1.610418129,1.868401517,1.268482067,0.768772936,-0.38408794,0.371100586,0.901056036,1.088210557,0.911283439
1.562625251,1.836154622,2.264610408,2.709531557,1.831301098,1.85035115,1.298694479,1.262769849,0.803703926,1.581725537,-0.032569605,1.576057401,1.513368691,1.53143353,0.42508457,1.656813581
1.563426854,1.720898706,1.653903671,1.839088466,1.760097785,1.700455273,1.069746763,1.96407938,2.048189061,0.787531563,0.40010077,1.166616501,0.71852304,1.087619226,0.594385402,0.732207547
1.564228457,2.498966464,1.164736146,1.371718468,2.414737837,1.176819424,3.117298683,1.955730008,1.388033901,1.256862065,1.98140958,1.103292425,0.755965081,1.225373216,1.127542164,0.56062358
1.56503006,1.681614179,1.820762922,2.238171503,1.155707563,1.664825656,2.542031709,2.265993267,1.66484151,0.387220636,2.432266855,0.970665878,0.959511925,1.70814104,-0.777705933,0.272848699
1.565831663,2.255762654,1.270282555,1.53692716,1.847694882,2.237972143,1.921298415,2.285050996,1.595629004,1.909872456,0.183906041,0.88955548,0.668352291,0.85149851,1.27939285,0.929085759
1.566633267,1.995419929,2.492417839,1.572000936,2.193648437,1.88768471,2.062945638,2.357175667,0.677522345,0.579527921,0.725208956,1.864079951,0.894678707,0.791502603,1.502803093,0.990807553
1.56743487,1.719339998,1.698727693,2.106110169,0.420451288,0.92597863,1.725231839,1.93852276,1.697280771,1.198015046,0.97616314,1.475777488,0.607272029,0.208713533,0.914612124,1.000511858
1.568236473,1.670014632,1.401663104,0.996378269,1.63623996,1.693291596,1.847223971,1.920218155,1.702286223,0.895288445,1.330095308,-0.058995495,0.246248483,1.098726574,0.757215581,1.349441074
1.569038076,1.752905867,2.140393138,1.633409705,1.242077287,1.704025091,1.424397309,1.662297673,2.258872277,0.87876058,0.624177849,0.723967706,0.659519293,1.06316925,0.254617387,-0.402522961
1.569839679,2.211672697,1.72425942,1.760978798,1.711958638,2.087357759,2.054962405,1.565043459,0.386446866,0.829207536,1.662430369,1.11243182,0.775042778,0.375388162,0.069890584,0.240553007
1.570641283,1.885503827,1.367303079,1.793752464,1.514939501,1.758626351,0.656166397,0.806681559,1.288764171,0.267672537,1.169213415,1.093428347,1.459903409,0.369796138,1.315610534,0.227462934
1.571442886,1.215589224,0.588198828,0.971767488,1.420174762,2.143576443,1.815826724,1.833011101,1.011690751,-0.295916621,1.43061391,0.778252464,1.093064122,0.682642005,0.23157016,0.184965357
1.572244489,1.224582337,1.777320114,0.901891533,2.37868686,1.373243318,1.524683406,1.17454819,0.8510383,1.744796981,2.225110508,-0.287660424,0.719349152,1.230368724,0.217924596,0.318217274
1.573046092,1.369049067,0.392434853,0.688277285,1.490563555,1.138742625,0.794057392,1.53019488,0.580528555,0.796391245,1.091070594,0.263190955,0.36708559,0.856937801,0.829665557,0.679637056
1.573847695,1.355411034,0.970698419,1.095430523,1.071533391,1.252466015,2.056947911,1.861164594,1.331222543,1.618213931,0.862793717,-0.181846467,0.53784229,0.775597162,0.510304586,0.324128268
1.574649299,1.194162409,0.908726388,0.976141588,1.484685278,1.345632802,0.874704219,0.42994537,0.82768233,0.620674518,1.08854341,1.140195738,2.005980201,-0.206109911,0.280359865,-0.865293162
1.575450902,1.494437922,1.243073096,1.636634684,2.077500002,0.841763041,1.073736764,1.167894144,0.999707846,1.309227667,0.116102052,0.822960211,0.85639867,0.943237074,0.411271809,-0.273542005
1.576252505,1.346929616,0.601056129,1.119715852,0.260482975,1.303467448,1.439596655,0.928196714,1.254491583,0.88604572,0.634599165,-0.254056797,0.431832723,1.160887494,0.941787386,0.587465296
1.577054108,0.036838596,0.544235029,1.367616872,1.54842225,2.022436068,2.340689679,1.813672517,1.661649372,0.705705403,1.543269409,0.665246803,0.997282825,1.758016783,0.346093158,0.356914003
1.577855711,1.064874706,-0.093311186,1.385816989,0.805074819,1.233793445,1.477933507,1.713636014,0.421972118,0.684305734,0.626669043,1.208171614,0.543381923,-0.467966238,1.168356546,-0.048823609
1.578657315,1.863051508,0.92733795,1.121107111,0.491029454,1.090031804,1.319680645,1.000058102,1.504344344,1.490127481,0.507923752,0.840670838,1.401887332,0.313096098,0.42931354,0.243259656
1.579458918,0.516269737,0.850936105,2.35232847,0.683266632,1.179617378,0.901917287,1.784085561,1.041698095,0.2260893,0.795688836,0.445802946,0.658117752,0.4730278,0.640282499,-0.041654073
1.580260521,1.570732404,0.947468626,0.960860166,0.874595653,0.042334123,0.317326439,1.072299163,0.727559245,0.032814666,0.771614171,0.533791749,1.073765104,0.754080561,0.586679782,1.119788648
1.581062124,0.900432239,1.162614806,1.248363996,1.363753725,0.871962078,1.319608601,1.343358954,0.684432724,0.678226695,1.354362198,1.892007631,0.6965907,0.455316283,0.742796115,1.023606263
1.581863727,1.59269,0.41212114,0.308912589,0.881978076,0.323231071,0.939187102,1.118917858,0.310725541,1.028460542,1.298230911,1.165858332,-0.038317165,1.123666307,0.30037671,0.414944555
1.582665331,1.411189149,1.356746041,0.939883854,1.674940939,0.89351428,0.479470976,1.003638344,1.453872122,0.622689283,1.164132456,0.457908066,1.194032628,-0.499435633,0.663045823,0.471669743
1.583466934,0.69206542,0.576084089,1.281555959,1.184101313,0.825203479,1.57659951,1.239880613,1.30412271,0.577506404,1.260834464,1.100836428,0.327907241,0.486736055,0.578973612,1.057229349
1.584268537,2.34069903,0.908768957,0.862231972,1.367064633,0.266587318,1.634803108,1.080089819,0.86690151,1.47182999,0.857235925,1.142331023,1.0261931,1.122917701,1.125918336,0.775436523
1.58507014,1.930473363,1.731147032,0.853389999,1.055767219,0.6442662,0.649031484,0.947415672,1.343269583,0.8745085,1.550866099,1.223109092,0.915352357,0.465798823,1.332055443,0.178717572
1.585871743,0.384163753,0.735722098,1.041154519,1.54100755,0.166446111,1.051095308,1.051073054,1.337993306,0.387299227,0.362131589,0.674301683,0.087316969,1.188243197,-0.069236306,-0.098728263
1.586673347,0.330174426,1.378635374,0.518420769,0.801612392,-0.4084475,0.914196708,1.22212338,0.281527766,0.185301378,0.952121273,0.844306729,0.068554636,0.299148133,0.411683044,0.419793475
1.58747495,0.558503173,1.331984435,1.149816202,0.973357583,0.792116477,0.396988381,0.59153332,0.747963744,1.277245117,0.790940821,0.679334914,-0.657396683,0.701592708,-0.059755544,0.447649585
1.588276553,1.432759654,0.033296902,0.665691051,0.245892226,1.064112152,0.863156214,1.916012084,-0.283560987,1.087978506,-0.09633265,0.68515268,0.287647739,0.502729849,1.636183886,0.761462218
1.589078156,1.063028284,1.07806284,0.667437536,0.280849848,0.415031118,1.329586832,0.842236667,0.36334003,0.753938534,0.475524343,0.75779849,0.582288679,0.683156937,0.758398328,0.87640396
1.58987976,0.267974587,0.755349663,0.268042019,0.940187921,1.007256943,-0.457664145,0.043282381,1.012678756,0.709365723,0.176660754,0.289122021,1.13967725,0.564780538,0.118986721,0.42949549
1.590681363,0.740276063,0.346709026,0.838202134,0.902473267,1.507378795,1.195103906,1.12131105,0.088386312,0.827993325,1.8063153,-0.456128295,0.667651481,-0.17058482,0.551006967,0.662411428
1.591482966,1.116347596,1.594532292,1.284041948,1.622390545,1.245699014,0.370077761,1.260921805,-0.199463177,0.4255144,0.692244029,1.242325726,0.634273876,0.847258876,0.430610279,0.039737706
1.592284569,1.624632655,1.422683122,1.238741332,1.018322329,1.420283018,0.243702734,0.355767813,0.431752089,0.97468864,1.270226216,0.467462361,0.317877258,0.988380401,0.542246207,1.274326929
1.593086172,1.114860221,0.652969352,0.755862034,0.763048447,0.038402625,0.750470962,1.067426565,0.86472555,0.383019514,1.085570892,1.454577509,0.076640833,0.595029398,0.577513603,0.385844576
1.593887776,0.722793549,0.378496213,0.456485431,0.980723682,0.011066032,1.210050381,0.965852547,0.44734509,1.316327363,0.094384704,-0.376395224,0.854516021,1.352683714,0.808238621,0.041616074
1.594689379,0.307323125,0.584156147,0.899000508,1.314503048,0.331590621,1.378885379,0.058871613,1.599710053,0.209571316,-0.355438329,0.378813456,0.518958499,0.582297519,1.013044229,-0.523632773
1.595490982,0.311575546,0.947680718,0.515986601,0.940472307,0.618246347,1.163614374,0.349293324,0.912397212,0.685049832,0.561332358,-0.005841283,0.577900119,0.010534596,-0.164227167,-0.035834947
1.596292585,1.377375786,0.265814748,0.189187009,0.340758,0.534875245,1.269457187,0.311184475,0.58297082,0.503895001,-0.079886272,0.615476518,0.399057406,0.858335311,0.583126757,0.468393652
1.597094188,1.322520583,0.496562721,1.027854655,1.088191609,0.890137526,1.200506071,0.481486999,0.142375845,1.147932334,0.808876554,0.498524293,0.920158734,1.589114587,0.896873553,0.884978702
1.597895792,0.776895123,0.797886694,1.39584301,0.645112933,-0.141081407,0.598782722,-0.378923679,0.982348909,0.738519805,1.053455187,0.108949714,-0.064543573,0.48614916,0.81331023,0.30548571
1.598697395,0.187218335,1.262469472,0.873723576,0.829829245,0.350262974,0.296947686,1.263244199,0.089603518,0.25908607,0.938611362,0.671517294,0.478133634,0.373516402,0.337592727,0.003146701
1.599498998,-0.476427659,1.029982733,1.289906836,0.53753941,0.400446762,0.357521546,0.742694166,0.606622403,0.535944471,-0.70573472,1.307149833,0.276116521,0.16249309,0.32826162,0.676105992
1.600300601,0.10022454,1.487164071,0.071650227,1.30798168,0.377863389,0.792269988,0.710633723,0.855638679,0.204977462,0.473842552,-0.938364294,-0.342839639,0.805187019,0.29322195,0.087443054
1.601102204,1.151337919,0.035993754,0.874313301,0.999176556,0.310907377,0.76196877,0.940672109,0.024208242,0.887040101,0.510057985,0.70380695,0.58457945,0.533681526,0.896884937,0.470988151
1.601903808,0.28066541,-0.319645388,0.614203703,1.511703147,1.129203997,0.424971596,0.666335029,1.236120003,0.204130235,1.345482009,1.375756828,0.063949934,0.467883378,-0.80076319,0.866452718
1.602705411,-0.059057802,1.184228403,0.26867315,0.615951772,0.449972101,0.704497931,1.078240111,0.434248074,0.797895315,0.641133768,0.434905967,2.124145469,0.136362596,0.177461103,0.248224887
1.603507014,0.991757874,0.919547958,0.098973569,-0.193383968,0.83009357,1.116784044,0.705326745,-0.004612534,0.756098015,0.839514779,1.859558023,-0.110985289,0.475712552,0.577358261,0.621042793
1.604308617,0.684891209,1.022613205,-0.093961081,0.242070652,0.429040228,1.053605268,1.184817285,0.844488913,1.591507445,0.227256087,0.420285512,0.635856572,0.889315748,0.24723526,0.116850186
1.60511022,0.551773485,0.180542933,0.631018511,0.404804639,0.93303498,0.959665471,1.188156773,-0.080158232,1.800510251,0.855041765,1.057698482,0.396615885,1.107518646,-0.602693235,1.079981089
1.605911824,1.091349395,0.365939459,-0.209626967,0.828597455,-0.204370117,-0.053724326,0.798009509,0.627834662,0.647191527,0.773311918,0.346973324,0.102464776,0.63487845,-0.144957244,-0.025877508
1.606713427,0.008911398,0.676621475,0.548698837,1.211335772,-0.149379173,-0.601557776,0.08512523,0.049289966,0.585693652,0.340383663,-0.066045972,1.218576669,-0.177144042,1.031511607,0.74793091
1.60751503,0.769755506,0.731505588,0.930029613,0.739734863,0.170707364,1.615080225,0.701653937,0.666298992,-0.255367843,-0.172014529,0.603919839,0.795061973,1.209514788,-0.82333902,-0.17086518
1.608316633,0.684135813,1.218789341,0.572981744,-0.304553854,0.951064504,0.987847392,0.576142472,-0.044280598,-0.218025107,0.27568385,0.779567955,0.124868552,0.488649795,-0.569823741,0.156413185
1.609118236,0.381858961,0.14911897,0.874363375,0.229210768,0.542663462,0.223882996,0.991184776,0.342386963,0.174585583,0.344228833,0.216310081,-0.13792979,-0.141433043,-0.06551014,0.515737957
1.60991984,0.329823311,0.274777562,0.725750187,0.629139085,1.100090543,0.420201944,0.702265411,0.326119559,0.831181406,0.767730195,1.529481104,1.046599868,0.554565018,0.481694393,-0.209934017
1.610721443,0.384695989,0.450172912,0.375547203,0.000605517,0.297860342,0.635660665,0.070399992,1.067525282,0.282888311,1.231741252,0.832741412,0.930530695,0.189265838,0.461285982,0.673177665
1.611523046,0.872667361,1.130786401,0.879764815,0.246339748,1.017186318,0.487807824,0.386788858,0.934675036,-0.277342217,-0.096938564,-0.194317879,0.741315957,-0.503784376,-0.21359135,0.268256316
1.612324649,0.849463187,0.983496279,0.983889616,-0.418988862,1.079245106,0.719331366,0.858599781,1.218517564,0.238627854,0.236436565,0.350070844,0.926062527,0.335656192,1.849568888,0.777763208
1.613126253,1.083180528,0.287013307,0.226327705,0.442384694,-0.074483437,0.480220674,0.311622593,0.674940683,0.149680673,-0.263970575,0.600062547,0.681149848,1.596068162,0.083345714,-0.07095456
1.613927856,-0.15211078,-0.203704065,0.619369445,0.217865581,0.932105574,-0.222975853,0.970074132,1.00465779,0.709736657,-0.510222147,-0.030888713,0.360149601,-0.17698897,0.528030939,-0.61725902
1.614729459,0.264177495,0.202414506,0.150181638,-0.09108127,0.720526121,0.697900513,0.153876101,1.032701648,0.422869968,0.911645801,0.234963128,0.780896129,0.156212403,0.475329201,1.448157136
1.615531062,1.089430024,0.726228735,-0.12702887,0.836722304,-0.31914992,0.204485666,0.862299355,-0.258499637,1.175517262,-0.158504977,0.610599823,0.247465105,0.539069244,0.163719585,-0.630176659
1.616332665,0.564007732,-0.502810559,0.370874259,0.241992849,0.286290548,0.775462988,1.23108647,0.244713254,-0.997229676,0.760668124,0.238533293,0.507090721,0.474777373,0.467125555,0.2278714
1.617134269,0.683720815,-0.010631812,0.763799946,0.715873705,-0.161006809,-0.036007795,0.46306828,-0.127804067,-0.249915012,0.502786583,1.127533853,1.164203276,0.073434171,0.073242862,0.738287599
1.617935872,1.751614319,0.598475548,0.724003774,0.189158185,0.062413246,0.730349447,0.816857781,0.092603038,0.181728449,0.091070881,0.752821652,0.638562277,0.327490399,0.365561967,-0.51313546
1.618737475,0.301843512,0.258964513,0.426007531,-0.290176391,0.65644834,0.453830655,0.366512222,1.756549363,0.358232985,-0.447125028,-0.075237173,0.216085998,-0.310185087,0.360820574,0.540797577
1.619539078,0.949844864,-0.072700856,-0.069911764,1.143036785,0.427451417,0.587442152,0.162511187,0.81977618,0.482050185,0.437566689,0.509510099,0.587922301,1.224156538,-0.095590665,0.422464812
1.620340681,0.563223161,0.469525965,1.328279165,-0.164201142,0.297349154,0.211777939,0.981349422,0.740211341,-0.338433076,0.308452016,1.25975227,-0.7704794,0.260878375,-0.139272203,0.463962538
1.621142285,1.169882769,-0.129359258,0.695437465,0.290494272,0.579681305,0.763063203,0.034435499,0.35760661,0.983906716,-0.689786652,0.359796414,0.831802675,0.25627941,0.262189991,1.022866365
1.621943888,1.5441644,0.716920297,0.2980562,0.76482268,0.67192197,0.665126797,0.663046444,0.27876577,-0.838674348,-0.561172791,-0.113815648,-0.748011573,0.349875554,0.571785814,-0.021889388
1.622745491,0.168348581,0.056483099,0.698049588,0.217177493,0.125162745,0.153376795,0.67822336,0.382450614,0.246390023,-0.564772339,-0.421919825,0.569499992,0.179246434,0.151926717,0.060201331
1.623547094,0.076114953,-0.002338087,0.393829402,0.7620336,0.967738935,0.326755918,0.10928243,1.28866649,1.241992099,0.280533563,-0.045924087,0.0361551,0.894219589,0.922338605,-0.362082254
1.624348697,1.058238232,0.781418522,-0.627571824,-0.067231175,-0.558542505,1.011007928,-0.854905329,0.426638132,-0.176592374,0.447681477,-0.06272914,-0.279614161,0.290434881,-0.110364924,-0.64113422
1.625150301,0.589161091,0.105329249,0.374874907,-0.039131619,0.950659875,1.003929184,0.289043353,0.292769695,1.107831506,0.871732123,-0.108111966,-0.348356815,-0.174064933,-0.008981131,1.28268506
1.625951904,1.194663219,-0.161066936,0.10085942,0.041466167,-0.086181341,0.92504477,0.416832693,0.277575033,0.904830824,1.148373109,0.11758351,0.30069047,0.710382062,-0.221893081,-0.668174574
1.626753507,0.039546642,0.541320823,0.124587683,-0.184158715,0.324320574,0.873548685,1.382351855,0.079886301,-0.308131424,1.176937201,1.115069175,-0.707917411,0.116249282,0.146920309,-0.012749445
1.62755511,-0.072135172,0.445858724,-0.19510155,-0.296285162,0.095328594,0.411538597,0.456160664,0.769663039,0.95485244,0.589247989,1.199881432,0.434196503,0.835611098,0.62414736,-0.204619858
1.628356713,0.521113348,-0.083913427,0.158255825,0.707416123,-0.150229885,-0.368690405,0.302508632,0.464723471,-0.334219239,0.057195832,-0.234795906,0.585351374,0.954723271,-0.056665574,0.282037865
1.629158317,-0.048332537,0.59475715,0.930990077,0.672825644,0.451751007,-0.670686405,-0.541637936,0.918360739,0.24579493,0.823482551,-0.359086168,0.386672609,0.578553352,0.237021183,0.647602215
1.62995992,-0.147496506,0.588910774,-0.519659558,0.178626661,-0.047522792,0.255317875,0.119103201,-0.124971123,0.55914414,0.27050417,-0.220096191,0.269176823,0.742782104,0.254348145,0.124945655
1.630761523,0.159906843,-0.289612257,0.221464066,0.638710749,1.115752,0.194348369,-1.255582414,0.753730022,-0.05282925,0.340101044,0.394898608,0.726186997,-0.023589472,0.291617898,0.272146075
1.631563126,0.686669931,0.196878988,0.294028918,0.380780685,-0.453690149,0.745832927,0.520823057,1.108881228,0.819581934,0.390160966,0.009405445,-0.900436189,0.135798516,0.746579838,1.014634766
1.632364729,0.139070667,-0.117118509,0.709776902,-0.144017005,0.028554435,0.562816211,1.416181257,0.129020364,-0.547908574,-0.056025543,0.030542075,0.242377269,-0.099697282,0.763831025,1.213732886
1.633166333,0.332035217,0.236794409,-0.059987958,0.686191051,0.013092314,0.94620746,0.395376675,-0.30241537,0.538778134,0.572987544,-0.061767228,0.182184377,0.224526489,-0.440701781,0.175952077
1.633967936,0.330945935,-0.018522649,1.506918757,0.127437226,0.600819462,0.274942134,0.321077607,-0.322626812,0.903183547,1.14404144,0.503795199,0.640954015,0.392401176,0.736041774,0.277305014
1.634769539,0.419248952,0.084123695,0.354268812,0.252274944,0.607925197,-0.234682003,0.193859513,-0.440756365,0.462502579,-0.193578449,-0.294676785,0.618123785,-0.022973782,1.497760612,0.720995544
1.635571142,0.191843073,0.640097801,-0.179906089,1.286774251,-0.555162475,0.125748985,0.062465103,0.406006377,0.53213915,0.051565699,-0.166493198,0.507093426,1.386020533,0.124191308,0.258717789
1.636372745,0.392545134,0.094826613,-0.077504541,0.305734659,0.182266548,0.07482086,0.178566885,-0.347318887,0.377058561,0.629225612,0.219190737,0.135623713,0.102343333,0.213512698,0.808989781
1.637174349,-0.018348158,0.951900357,0.873828901,0.387838816,0.251216531,-0.343360172,-0.398935809,0.912627385,0.861885148,0.483670011,0.399309608,0.170609084,0.373224822,0.125443014,1.020653449
1.637975952,0.02858256,0.68241104,0.579294656,0.156664657,-0.003261656,0.589889485,0.733016878,0.361453621,-0.651564673,0.134060691,0.004617388,-0.048067388,-0.318074013,0.671771694,0.340817282
1.638777555,0.679433343,0.406424404,0.551803105,0.857749498,0.96857093,-0.101986169,0.838572286,0.241275673,-0.013241658,1.322467299,0.60855029,0.325290573,0.590378329,0.646252886,0.083603393
1.639579158,-0.640495908,0.8365849,-0.756845619,0.855849298,-0.587002047,0.095897074,0.830346602,-0.073666394,0.731005417,-0.168480016,0.502707712,0.563773778,1.028058553,-0.251456723,-0.628073008
1.640380762,-0.116467345,0.006122384,1.048568108,0.143984753,0.94833354,-1.293569647,-0.685868323,1.96038601,0.145584353,1.400119165,0.817359481,0.525418439,0.384189264,0.064288545,0.536979962
1.641182365,0.951269811,-0.137167995,0.197703942,0.262626466,0.209138294,0.673989647,0.518636026,0.123048074,0.27890567,0.55060407,-0.227894582,-0.195501538,0.736026994,0.614388222,1.649715595
1.641983968,-0.156054118,0.185337021,-0.272871656,0.223758696,-0.413880374,-0.361548861,-0.38332,0.132066094,-0.18152107,-0.277006136,0.041219262,0.421639356,0.306113353,0.098708266,-0.005308748
1.642785571,-0.103362875,0.416940636,0.132053467,0.569799884,0.815304406,0.430149087,0.361647237,-0.616838839,0.464210596,1.667946665,-0.411673355,0.783811212,0.929403759,0.687890436,1.08947571
1.643587174,0.135922448,1.741329832,1.080093483,-0.65914327,0.837583437,0.811924593,-0.006022031,0.677002867,0.503192538,0.450096682,0.003990851,0.051083102,1.21664598,0.553063928,0.626655667
1.644388778,0.586040018,0.739519759,0.469410126,-0.403329895,-0.342620545,0.849363339,-0.502983175,0.015787613,0.155330447,0.595534435,0.452847874,0.193779958,-0.050931514,0.661569351,0.890287875
1.645190381,0.379154631,-0.198812336,-0.373526895,0.270095174,0.27569838,-0.800503156,0.420645347,0.138411588,-0.008325002,-0.328985217,1.043002317,0.644539273,0.816898616,0.592762989,-0.626180836
1.645991984,0.190761693,0.282632403,0.142366759,-0.633324199,0.508043083,-0.025457106,0.487750344,0.145745803,-0.502057798,0.512661112,0.405721372,0.84214789,0.81735401,-0.016830621,-0.178057015
1.646793587,-0.423632784,-0.455148525,0.543116649,0.760577265,-0.698623223,0.057763853,0.573028866,0.951772674,0.558498282,0.907089206,-0.922576725,-0.019491603,0.903856574,0.01351879,0.159405864
1.64759519,0.363964587,0.955512334,0.324499725,0.809691808,-0.515371218,-0.289158232,-0.619753066,-0.670335597,0.007960482,0.572280377,0.372279256,0.289701314,0.240989971,-0.381599018,-0.085641924
1.648396794,0.40315785,0.435008965,0.214042328,0.529366499,0.182664701,0.705492491,-0.071293619,-0.564220687,0.064386633,-0.518472569,-0.30865964,-0.598453476,-0.073990998,0.355402043,-0.427082547
1.649198397,-0.505993495,0.151049521,-0.05473277,0.498656232,-0.173782425,0.726390576,-0.380533204,-0.01403039,0.253905851,0.511154739,-0.813606364,-0.062627359,0.201885587,0.763982463,0.399859967
1.65,-0.30827985,-0.238303715,-0.09419772,-0.661792016,0.277906878,-0.190033897,0.570636854,0.251674529,-0.733190632,0.084702444,0.082646686,-0.246494246,0.42113663,-0.270301956,0.031179334
